transaction_id,date,category,product,quantity,price,amount
1,2025-11-07,Электроника,Телефон,3,5829.67,17489.01
2,2025-11-03,Продукты,Молоко,9,7118.08,64062.72
3,2025-10-10,Электроника,Планшет,7,3057.65,21403.55
4,2025-10-20,Продукты,Фрукты,9,8516.17,76645.53
5,2025-11-06,Электроника,Ноутбук,2,1143.38,2286.76
6,2025-10-10,Электроника,Наушники,5,2113.3,10566.5
7,2025-10-14,Одежда,Джинсы,9,3571.69,32145.21
8,2025-11-05,Книги,Комикс,3,8074.35,24223.05
9,2025-10-24,Книги,Комикс,7,2762.38,19336.66
10,2025-10-23,Книги,Энциклопедия,5,5398.15,26990.75
11,2025-10-13,Книги,Роман,8,9089.01,72712.08
12,2025-10-18,Одежда,Кроссовки,1,4412.23,4412.23
13,2025-10-16,Книги,Комикс,3,6087.87,18263.61
14,2025-10-11,Продукты,Молоко,7,8237.08,57659.56
15,2025-10-31,Спорт,Мяч,5,1874.77,9373.85
16,2025-10-30,Спорт,Коврик,7,6575.94,46031.58
17,2025-11-01,Спорт,Скакалка,5,498.08,2490.4
18,2025-10-11,Одежда,Кроссовки,9,1826.72,16440.48
19,2025-10-17,Спорт,Скакалка,5,8008.42,40042.1
20,2025-11-03,Книги,Роман,7,742.45,5197.15
21,2025-11-01,Электроника,Наушники,4,5330.18,21320.72
22,2025-11-08,Продукты,Молоко,8,6243.05,49944.4
23,2025-11-07,Книги,Учебник,3,5909.66,17728.98
24,2025-10-26,Спорт,Скакалка,9,8647.32,77825.88
25,2025-11-02,Электроника,Наушники,1,393.08,393.08
26,2025-11-03,Продукты,Фрукты,2,9205.18,18410.36
27,2025-10-17,Спорт,Коврик,9,5772.39,51951.51
28,2025-10-28,Одежда,Кроссовки,5,2466.17,12330.85
29,2025-11-06,Электроника,Телефон,7,7600.73,53205.11
30,2025-11-01,Одежда,Куртка,3,1583.94,4751.82
31,2025-10-11,Электроника,Телефон,2,7822.53,15645.06
32,2025-10-26,Спорт,Скакалка,5,8997.38,44986.9
33,2025-10-11,Продукты,Фрукты,2,391.25,782.5
34,2025-10-22,Электроника,Ноутбук,3,7753.2,23259.6
35,2025-10-20,Спорт,Скакалка,2,8753.97,17507.94
36,2025-11-02,Спорт,Скакалка,8,5247.55,41980.4
37,2025-11-09,Электроника,Наушники,6,8446.56,50679.36
38,2025-11-09,Книги,Энциклопедия,3,9521.38,28564.14
39,2025-10-28,Электроника,Планшет,5,912.77,4563.85
40,2025-11-09,Одежда,Кроссовки,4,5604.21,22416.84
41,2025-10-17,Спорт,Мяч,7,5086.66,35606.62
42,2025-10-15,Продукты,Яйца,10,5849.63,58496.3
43,2025-10-20,Продукты,Фрукты,6,6861.87,41171.22
44,2025-10-26,Электроника,Ноутбук,5,4888.24,24441.2
45,2025-10-25,Продукты,Фрукты,10,417.84,4178.4
46,2025-11-02,Одежда,Футболка,4,3234.71,12938.84
47,2025-10-30,Одежда,Куртка,8,3375.06,27000.48
48,2025-10-25,Одежда,Футболка,4,1766.43,7065.72
49,2025-10-30,Электроника,Планшет,8,2704.36,21634.88
50,2025-11-08,Одежда,Куртка,10,8064.66,80646.6
51,2025-10-19,Электроника,Телефон,10,1623.06,16230.6
52,2025-10-14,Продукты,Яйца,4,3171.0,12684.0
53,2025-11-06,Электроника,Ноутбук,9,6546.51,58918.59
54,2025-11-05,Электроника,Телефон,3,8354.4,25063.2
55,2025-10-11,Спорт,Гантели,1,9136.87,9136.87
56,2025-10-18,Спорт,Мяч,2,8813.22,17626.44
57,2025-10-20,Спорт,Скакалка,2,4144.22,8288.44
58,2025-11-02,Спорт,Гантели,10,1188.33,11883.3
59,2025-11-05,Книги,Комикс,5,4423.91,22119.55
60,2025-10-23,Одежда,Куртка,2,1738.27,3476.54
61,2025-10-17,Книги,Роман,10,1713.02,17130.2
62,2025-10-30,Продукты,Фрукты,1,4228.16,4228.16
63,2025-11-08,Одежда,Куртка,7,2256.36,15794.52
64,2025-10-21,Продукты,Хлеб,6,4558.86,27353.16
65,2025-10-14,Одежда,Кроссовки,7,9124.99,63874.93
66,2025-10-12,Спорт,Коврик,7,1611.38,11279.66
67,2025-10-26,Одежда,Джинсы,3,8102.15,24306.45
68,2025-10-20,Одежда,Кроссовки,2,415.96,831.92
69,2025-10-23,Книги,Энциклопедия,7,5486.1,38402.7
70,2025-10-11,Одежда,Кроссовки,3,7314.52,21943.56
71,2025-10-20,Спорт,Коврик,2,5380.4,10760.8
72,2025-11-06,Одежда,Джинсы,6,9513.42,57080.52
73,2025-10-28,Продукты,Молоко,1,2685.84,2685.84
74,2025-10-25,Продукты,Хлеб,2,3938.8,7877.6
75,2025-10-16,Одежда,Джинсы,5,1205.02,6025.1
76,2025-11-09,Спорт,Скакалка,1,4291.58,4291.58
77,2025-10-29,Продукты,Яйца,1,4829.18,4829.18
78,2025-10-28,Одежда,Джинсы,9,4369.28,39323.52
79,2025-10-28,Книги,Роман,1,8165.36,8165.36
80,2025-10-19,Спорт,Гантели,3,2191.48,6574.44
81,2025-10-11,Электроника,Ноутбук,1,9210.79,-9210.79
82,2025-10-27,Спорт,Коврик,9,9784.19,88057.71
83,2025-11-03,Электроника,Планшет,4,2679.6,10718.4
84,2025-10-21,Электроника,Наушники,7,2819.75,19738.25
85,2025-10-30,Электроника,Наушники,5,4996.55,24982.75
86,2025-11-04,Продукты,Хлеб,8,9527.57,76220.56
87,2025-10-10,Электроника,Телефон,2,3666.85,7333.7
88,2025-10-13,Одежда,Кроссовки,3,9346.64,28039.92
89,2025-10-21,Спорт,Гантели,3,933.76,2801.28
90,2025-10-16,Электроника,Наушники,9,5462.24,49160.16
91,2025-10-13,Книги,Энциклопедия,10,2814.67,28146.7
92,2025-10-11,Спорт,Коврик,4,5519.09,-22076.36
93,2025-10-24,Одежда,Куртка,4,7485.99,29943.96
94,2025-10-28,Спорт,Скакалка,5,4353.8,21769.0
95,2025-11-05,Одежда,Джинсы,9,390.1,3510.9
96,2025-10-16,Одежда,Футболка,4,807.86,3231.44
97,2025-10-29,Книги,Комикс,9,9483.73,85353.57
98,2025-10-26,Одежда,Джинсы,8,6940.53,55524.24
99,2025-10-10,Продукты,Молоко,10,6246.42,62464.2
100,2025-10-18,Книги,Комикс,10,8562.58,85625.8
101,2025-11-04,Продукты,Яйца,3,9391.95,28175.85
102,2025-11-07,Продукты,Молоко,7,7458.81,52211.67
103,2025-10-22,Спорт,Коврик,10,9554.52,95545.2
104,2025-10-14,Книги,Комикс,10,4752.4,47524.0
105,2025-10-15,Спорт,Гантели,9,6470.01,58230.09
106,2025-11-02,Спорт,Скакалка,3,3561.46,10684.38
107,2025-10-21,Спорт,Скакалка,1,5534.38,5534.38
108,2025-10-11,Продукты,Фрукты,5,3732.38,18661.9
109,2025-11-08,Спорт,Коврик,2,4277.87,8555.74
110,2025-10-17,Спорт,Скакалка,7,4018.11,28126.77
111,2025-11-09,Спорт,Гантели,5,5230.34,26151.7
112,2025-11-03,Книги,Роман,10,9470.84,94708.4
113,2025-10-24,Книги,Учебник,9,3338.61,30047.49
114,2025-10-31,Электроника,Ноутбук,4,7521.95,30087.8
115,2025-10-18,Одежда,Кроссовки,8,9649.52,77196.16
116,2025-10-27,Электроника,Ноутбук,6,3596.15,21576.9
117,2025-10-21,Электроника,Наушники,4,1890.92,7563.68
118,2025-10-26,Одежда,Кроссовки,9,5370.03,48330.27
119,2025-10-19,Спорт,Скакалка,6,343.35,2060.1
120,2025-10-12,Одежда,Джинсы,8,6335.61,50684.88
121,2025-10-10,Спорт,Гантели,7,9266.05,64862.35
122,2025-10-13,Электроника,Ноутбук,10,417.42,4174.2
123,2025-10-13,Продукты,Яйца,4,762.44,3049.76
124,2025-11-05,Одежда,Кроссовки,4,3578.9,14315.6
125,2025-10-30,Одежда,Кроссовки,3,5558.13,16674.39
126,2025-11-04,Электроника,Наушники,3,5031.71,15095.13
127,2025-10-23,Спорт,Скакалка,7,925.86,6481.02
128,2025-10-23,Спорт,Мяч,9,5590.23,50312.07
129,2025-11-06,Электроника,Ноутбук,2,4382.85,8765.7
130,2025-11-04,Одежда,Куртка,2,2362.27,4724.54
131,2025-10-11,Электроника,Наушники,5,6907.12,34535.6
132,2025-10-23,Электроника,Ноутбук,8,1287.88,10303.04
133,2025-10-31,Спорт,Мяч,7,4812.83,33689.81
134,2025-10-21,Продукты,Фрукты,3,412.71,1238.13
135,2025-11-08,Электроника,Наушники,5,4448.74,22243.7
136,2025-10-22,Электроника,Телефон,5,7022.38,35111.9
137,2025-10-14,Книги,Учебник,6,2099.62,12597.72
138,2025-11-07,Книги,Учебник,3,9397.19,28191.57
139,2025-10-25,Одежда,Футболка,2,1703.67,3407.34
140,2025-10-31,Спорт,Мяч,4,925.72,3702.88
141,2025-10-15,Продукты,Молоко,10,5754.29,57542.9
142,2025-10-10,Одежда,Куртка,6,7828.87,46973.22
143,2025-10-11,Книги,Энциклопедия,3,9292.91,27878.73
144,2025-10-22,Одежда,Куртка,9,894.26,8048.34
145,2025-11-01,Одежда,Кроссовки,9,3893.02,35037.18
146,2025-10-17,Спорт,Гантели,4,7574.66,30298.64
147,2025-10-30,Электроника,Планшет,6,7779.6,46677.6
148,2025-10-12,Спорт,Мяч,1,1760.58,1760.58
149,2025-10-26,Электроника,Наушники,2,3413.22,6826.44
150,2025-10-18,Спорт,Гантели,3,1599.7,4799.1
151,2025-10-18,Электроника,Наушники,8,9589.44,76715.52
152,2025-10-13,Продукты,Хлеб,4,910.17,3640.68
153,2025-10-30,Электроника,Ноутбук,1,3592.34,3592.34
154,2025-10-10,Продукты,Яйца,3,7064.17,21192.51
155,2025-11-05,Книги,Роман,6,5427.18,32563.08
156,2025-11-05,Продукты,Хлеб,7,4603.76,32226.32
157,2025-10-27,Электроника,Телефон,1,8601.97,8601.97
158,2025-10-11,Книги,Комикс,1,8979.77,8979.77
159,2025-10-21,Книги,Энциклопедия,9,1576.74,-14190.66
160,2025-11-05,Книги,Роман,1,7988.4,7988.4
161,2025-10-13,Спорт,Мяч,1,2036.41,2036.41
162,2025-10-26,Спорт,Гантели,6,6055.18,36331.08
163,2025-10-23,Спорт,Гантели,1,3659.38,3659.38
164,2025-10-25,Одежда,Футболка,4,3397.34,13589.36
165,2025-10-28,Спорт,Мяч,7,4657.9,32605.3
166,2025-10-17,Спорт,Гантели,5,7754.13,38770.65
167,2025-10-10,Книги,Учебник,4,6494.18,-25976.72
168,2025-10-21,Спорт,Мяч,3,7281.75,21845.25
169,2025-10-10,Одежда,Куртка,6,9636.95,57821.7
170,2025-10-28,Одежда,Джинсы,4,4282.22,17128.88
171,2025-11-07,Электроника,Наушники,4,5083.97,20335.88
172,2025-10-13,Одежда,Кроссовки,9,5582.56,50243.04
173,2025-10-14,Одежда,Куртка,3,8129.33,24387.99
174,2025-10-23,Электроника,Наушники,2,660.07,1320.14
175,2025-10-11,Книги,Комикс,3,1948.56,5845.68
176,2025-10-10,Спорт,Скакалка,7,4415.88,30911.16
177,2025-10-25,Электроника,Телефон,7,2897.92,20285.44
178,2025-11-06,Спорт,Мяч,8,6591.92,52735.36
179,2025-10-21,Электроника,Планшет,6,6650.22,39901.32
180,2025-11-03,Одежда,Футболка,6,8853.07,53118.42
181,2025-10-14,Электроника,Планшет,1,2020.58,2020.58
182,2025-10-23,Электроника,Наушники,10,4701.23,47012.3
183,2025-10-15,Электроника,Телефон,5,3044.2,15221.0
184,2025-10-26,Электроника,Планшет,9,4508.85,40579.65
185,2025-10-23,Одежда,Куртка,7,7130.02,49910.14
186,2025-10-28,Спорт,Мяч,1,3730.77,-3730.77
187,2025-10-21,Электроника,Планшет,7,3766.5,26365.5
188,2025-10-23,Электроника,Наушники,3,3508.94,10526.82
189,2025-11-03,Спорт,Гантели,1,5361.72,5361.72
190,2025-10-31,Продукты,Хлеб,9,1850.77,16656.93
191,2025-11-09,Продукты,Яйца,9,2699.39,24294.51
192,2025-10-17,Спорт,Скакалка,9,7004.65,63041.85
193,2025-11-09,Продукты,Хлеб,1,5162.84,5162.84
194,2025-10-23,Спорт,Коврик,5,5947.98,29739.9
195,2025-10-12,Электроника,Телефон,2,5484.05,10968.1
196,2025-10-11,Книги,Учебник,4,804.45,3217.8
197,2025-11-01,Спорт,Коврик,4,465.39,1861.56
198,2025-11-02,Одежда,Джинсы,7,306.18,2143.26
199,2025-10-11,Спорт,Мяч,5,1748.0,8740.0
200,2025-11-01,Спорт,Мяч,9,2857.11,25713.99
201,2025-10-10,Одежда,Джинсы,10,5202.05,-52020.5
202,2025-10-25,Спорт,Скакалка,10,4694.57,46945.7
203,2025-10-31,Продукты,Хлеб,4,9058.84,36235.36
204,2025-10-30,Одежда,Кроссовки,6,7992.12,47952.72
205,2025-11-01,Спорт,Мяч,3,7058.35,21175.05
206,2025-10-28,Электроника,Планшет,4,7921.65,31686.6
207,2025-11-04,Книги,Комикс,4,9651.31,38605.24
208,2025-10-20,Спорт,Гантели,7,3811.34,26679.38
209,2025-10-16,Книги,Комикс,7,9673.45,67714.15
210,2025-10-19,Одежда,Кроссовки,4,3600.93,14403.72
211,2025-10-25,Спорт,Коврик,2,1115.65,2231.3
212,2025-11-01,Электроника,Ноутбук,8,3247.75,25982.0
213,2025-10-28,Продукты,Фрукты,1,4736.82,4736.82
214,2025-10-19,Книги,Энциклопедия,3,3320.85,9962.55
215,2025-10-19,Электроника,Телефон,10,995.76,9957.6
216,2025-10-16,Продукты,Хлеб,5,5355.74,26778.7
217,2025-10-13,Книги,Учебник,9,6964.86,62683.74
218,2025-10-26,Одежда,Кроссовки,6,4906.06,29436.36
219,2025-10-23,Книги,Учебник,8,7650.51,61204.08
220,2025-10-17,Электроника,Наушники,9,4501.68,40515.12
221,2025-11-07,Книги,Комикс,1,7896.45,7896.45
222,2025-10-24,Электроника,Наушники,10,3547.18,35471.8
223,2025-11-07,Одежда,Куртка,3,4439.36,13318.08
224,2025-10-10,Продукты,Молоко,8,1081.51,8652.08
225,2025-10-20,Спорт,Мяч,9,8249.38,74244.42
226,2025-10-30,Продукты,Яйца,6,2193.71,13162.26
227,2025-10-10,Электроника,Ноутбук,4,5622.23,22488.92
228,2025-10-13,Одежда,Джинсы,3,8094.96,24284.88
229,2025-11-07,Книги,Учебник,5,8587.74,42938.7
230,2025-11-01,Спорт,Мяч,9,8647.88,77830.92
231,2025-10-17,Одежда,Джинсы,1,4050.43,4050.43
232,2025-10-26,Книги,Роман,6,5613.47,33680.82
233,2025-10-17,Книги,Энциклопедия,10,8906.18,89061.8
234,2025-11-03,Электроника,Ноутбук,1,8378.28,8378.28
235,2025-10-17,Одежда,Куртка,1,3958.98,3958.98
236,2025-10-28,Спорт,Гантели,4,8105.26,32421.04
237,2025-10-25,Продукты,Молоко,9,6631.38,59682.42
238,2025-10-13,Продукты,Молоко,8,6317.34,50538.72
239,2025-10-31,Спорт,Коврик,7,7047.96,49335.72
240,2025-10-27,Электроника,Наушники,2,9960.77,19921.54
241,2025-10-10,Продукты,Молоко,5,6868.8,34344.0
242,2025-10-16,Электроника,Телефон,8,5749.86,45998.88
243,2025-10-10,Одежда,Футболка,3,8528.68,-25586.04
244,2025-11-07,Электроника,Планшет,2,829.29,1658.58
245,2025-10-21,Электроника,Ноутбук,3,8604.4,25813.2
246,2025-10-11,Продукты,Молоко,8,5921.82,47374.56
247,2025-10-24,Одежда,Футболка,8,9345.25,74762.0
248,2025-11-03,Продукты,Фрукты,10,3396.0,33960.0
249,2025-10-12,Спорт,Скакалка,6,4182.85,25097.1
250,2025-10-13,Спорт,Гантели,9,5703.37,-51330.33
251,2025-10-28,Спорт,Мяч,1,7475.5,7475.5
252,2025-10-17,Спорт,Мяч,8,9479.63,75837.04
253,2025-11-06,Спорт,Мяч,10,5772.29,57722.9
254,2025-11-05,Электроника,Ноутбук,6,7387.49,44324.94
255,2025-11-04,Книги,Энциклопедия,9,5774.02,51966.18
256,2025-10-26,Книги,Учебник,5,6467.62,32338.1
257,2025-10-28,Спорт,Коврик,4,6373.35,25493.4
258,2025-10-25,Книги,Энциклопедия,7,6996.71,48976.97
259,2025-10-24,Электроника,Планшет,1,6207.53,6207.53
260,2025-10-29,Продукты,Яйца,10,5895.69,58956.9
261,2025-11-08,Книги,Роман,8,2126.77,17014.16
262,2025-10-19,Одежда,Кроссовки,4,408.68,1634.72
263,2025-11-07,Электроника,Телефон,8,2196.54,17572.32
264,2025-10-16,Продукты,Молоко,1,9230.7,9230.7
265,2025-10-14,Книги,Комикс,6,1363.57,8181.42
266,2025-11-08,Спорт,Скакалка,10,465.48,4654.8
267,2025-10-26,Спорт,Коврик,7,8728.55,61099.85
268,2025-10-16,Продукты,Молоко,4,7024.15,28096.6
269,2025-10-17,Электроника,Ноутбук,4,6839.92,27359.68
270,2025-10-26,Электроника,Наушники,1,3332.65,3332.65
271,2025-10-28,Электроника,Планшет,6,9196.86,55181.16
272,2025-10-18,Электроника,Планшет,5,3690.05,18450.25
273,2025-10-15,Продукты,Яйца,10,1355.99,13559.9
274,2025-10-17,Продукты,Молоко,8,7969.9,63759.2
275,2025-10-27,Электроника,Планшет,2,1466.28,2932.56
276,2025-10-17,Электроника,Планшет,4,944.33,3777.32
277,2025-10-15,Книги,Комикс,7,2389.17,16724.19
278,2025-10-20,Книги,Роман,5,2647.41,13237.05
279,2025-10-26,Книги,Энциклопедия,8,3943.03,31544.24
280,2025-10-17,Продукты,Хлеб,1,6463.12,6463.12
281,2025-10-31,Электроника,Телефон,9,2366.39,21297.51
282,2025-10-27,Книги,Учебник,5,9625.58,48127.9
283,2025-10-22,Продукты,Хлеб,2,6761.91,13523.82
284,2025-10-30,Книги,Роман,1,9397.62,9397.62
285,2025-11-09,Книги,Комикс,5,4647.79,23238.95
286,2025-10-21,Спорт,Мяч,5,9501.44,47507.2
287,2025-10-14,Книги,Роман,7,1558.47,10909.29
288,2025-11-09,Электроника,Ноутбук,5,8400.07,42000.35
289,2025-11-02,Спорт,Мяч,3,7055.96,21167.88
290,2025-10-20,Книги,Энциклопедия,5,7488.48,-37442.4
291,2025-10-25,Спорт,Скакалка,6,2460.89,14765.34
292,2025-10-16,Продукты,Молоко,1,7720.48,-7720.48
293,2025-10-27,Одежда,Джинсы,2,5427.47,10854.94
294,2025-11-04,Одежда,Куртка,10,8605.59,86055.9
295,2025-10-19,Электроника,Ноутбук,6,120.5,723.0
296,2025-10-13,Книги,Роман,1,4438.18,4438.18
297,2025-10-12,Книги,Комикс,10,5013.58,50135.8
298,2025-10-21,Продукты,Яйца,4,2189.91,8759.64
299,2025-11-09,Одежда,Футболка,2,7521.88,15043.76
300,2025-11-07,Электроника,Ноутбук,10,635.64,6356.4
301,2025-11-04,Книги,Учебник,6,6065.03,36390.18
302,2025-10-20,Книги,Роман,9,3689.83,33208.47
303,2025-10-15,Электроника,Наушники,4,1518.57,6074.28
304,2025-10-15,Книги,Учебник,9,606.35,5457.15
305,2025-10-13,Одежда,Куртка,6,1025.71,6154.26
306,2025-10-10,Электроника,Ноутбук,7,1548.46,10839.22
307,2025-10-13,Одежда,Джинсы,2,9766.17,-19532.34
308,2025-10-27,Книги,Роман,5,6529.78,32648.9
309,2025-10-13,Книги,Энциклопедия,2,791.26,1582.52
310,2025-10-28,Электроника,Наушники,4,6341.71,25366.84
311,2025-10-10,Спорт,Мяч,10,5130.2,51302.0
312,2025-10-27,Одежда,Футболка,4,3148.15,12592.6
313,2025-10-24,Книги,Энциклопедия,8,5356.82,42854.56
314,2025-10-15,Продукты,Яйца,1,2029.81,2029.81
315,2025-10-22,Книги,Учебник,8,6696.93,53575.44
316,2025-11-03,Продукты,Яйца,10,3135.46,31354.6
317,2025-11-05,Одежда,Кроссовки,4,3858.35,15433.4
318,2025-10-25,Продукты,Яйца,3,9705.87,29117.61
319,2025-11-04,Продукты,Яйца,6,2349.78,14098.68
320,2025-10-17,Одежда,Футболка,10,9788.85,97888.5
321,2025-11-08,Электроника,Планшет,6,4010.15,24060.9
322,2025-11-05,Одежда,Джинсы,1,3678.54,3678.54
323,2025-10-19,Спорт,Скакалка,2,1851.86,3703.72
324,2025-11-02,Книги,Энциклопедия,10,4322.59,43225.9
325,2025-10-12,Одежда,Кроссовки,1,7294.38,7294.38
326,2025-11-06,Электроника,Ноутбук,9,696.53,-6268.77
327,2025-10-25,Спорт,Гантели,7,4866.19,34063.33
328,2025-10-17,Электроника,Наушники,7,8394.62,58762.34
329,2025-10-14,Спорт,Мяч,9,3478.89,31310.01
330,2025-11-02,Спорт,Гантели,3,1142.85,3428.55
331,2025-10-10,Электроника,Телефон,10,1860.56,18605.6
332,2025-10-25,Спорт,Коврик,2,4239.39,-8478.78
333,2025-11-08,Электроника,Наушники,1,3586.6,3586.6
334,2025-11-04,Книги,Энциклопедия,5,4450.86,22254.3
335,2025-10-16,Книги,Роман,5,3869.55,19347.75
336,2025-10-19,Продукты,Молоко,3,1876.9,5630.7
337,2025-10-28,Продукты,Фрукты,10,6624.12,66241.2
338,2025-10-25,Продукты,Хлеб,2,4685.85,9371.7
339,2025-10-28,Продукты,Фрукты,6,4599.21,27595.26
340,2025-10-18,Одежда,Футболка,7,9713.49,67994.43
341,2025-10-12,Спорт,Коврик,3,3387.31,10161.93
342,2025-10-10,Книги,Роман,10,8915.01,89150.1
343,2025-10-11,Электроника,Телефон,4,7231.96,28927.84
344,2025-11-05,Продукты,Молоко,4,7367.47,29469.88
345,2025-10-26,Продукты,Молоко,4,6669.77,26679.08
346,2025-10-15,Продукты,Яйца,6,5215.97,31295.82
347,2025-11-04,Спорт,Гантели,5,8804.46,44022.3
348,2025-10-18,Одежда,Куртка,4,8688.65,-34754.6
349,2025-11-06,Электроника,Телефон,8,7823.76,62590.08
350,2025-11-03,Книги,Учебник,7,782.17,5475.19
351,2025-10-22,Книги,Учебник,10,883.46,8834.6
352,2025-11-08,Одежда,Джинсы,9,700.3,6302.7
353,2025-10-18,Продукты,Молоко,8,9569.98,76559.84
354,2025-10-24,Книги,Роман,9,2916.16,26245.44
355,2025-10-31,Электроника,Планшет,7,1532.88,10730.16
356,2025-11-03,Продукты,Хлеб,1,8889.44,8889.44
357,2025-10-15,Электроника,Наушники,9,5348.45,48136.05
358,2025-10-21,Книги,Комикс,10,8690.14,86901.4
359,2025-11-01,Продукты,Фрукты,2,4422.55,8845.1
360,2025-10-13,Спорт,Скакалка,9,7847.0,70623.0
361,2025-11-02,Продукты,Фрукты,10,2497.23,24972.3
362,2025-10-11,Спорт,Гантели,1,6019.49,6019.49
363,2025-10-11,Электроника,Планшет,5,9550.77,47753.85
364,2025-11-01,Продукты,Хлеб,1,5875.81,5875.81
365,2025-10-31,Книги,Учебник,10,4990.2,49902.0
366,2025-10-13,Спорт,Гантели,8,6953.91,55631.28
367,2025-10-25,Электроника,Наушники,9,5670.14,-51031.26
368,2025-11-01,Спорт,Коврик,2,9656.58,19313.16
369,2025-10-31,Спорт,Гантели,8,8130.59,65044.72
370,2025-10-23,Одежда,Футболка,5,822.4,4112.0
371,2025-10-14,Одежда,Джинсы,3,583.04,1749.12
372,2025-11-04,Книги,Учебник,6,4949.95,29699.7
373,2025-10-17,Электроника,Наушники,7,4240.47,29683.29
374,2025-10-12,Продукты,Хлеб,10,9452.28,94522.8
375,2025-10-22,Электроника,Ноутбук,6,1615.55,9693.3
376,2025-10-30,Продукты,Хлеб,4,7962.04,-31848.16
377,2025-11-06,Продукты,Фрукты,4,5639.74,22558.96
378,2025-11-05,Одежда,Джинсы,6,5420.7,32524.2
379,2025-11-09,Спорт,Коврик,9,8544.83,76903.47
380,2025-10-22,Спорт,Мяч,6,3471.78,20830.68
381,2025-10-27,Продукты,Молоко,8,9107.39,72859.12
382,2025-11-07,Продукты,Молоко,4,2694.48,10777.92
383,2025-10-29,Спорт,Скакалка,8,570.53,4564.24
384,2025-10-18,Книги,Комикс,3,8858.22,26574.66
385,2025-10-11,Электроника,Ноутбук,3,6013.24,18039.72
386,2025-11-06,Электроника,Ноутбук,9,2374.83,21373.47
387,2025-11-09,Продукты,Фрукты,8,7273.91,58191.28
388,2025-10-24,Книги,Комикс,10,3489.21,34892.1
389,2025-11-03,Одежда,Кроссовки,1,2743.48,2743.48
390,2025-10-28,Продукты,Хлеб,5,7366.26,36831.3
391,2025-11-05,Электроника,Планшет,5,8273.82,41369.1
392,2025-10-18,Спорт,Коврик,5,5071.08,25355.4
393,2025-11-06,Продукты,Яйца,6,4860.2,-29161.2
394,2025-10-14,Спорт,Коврик,10,4439.64,44396.4
395,2025-10-28,Продукты,Яйца,7,1582.64,11078.48
396,2025-10-22,Продукты,Молоко,2,4693.09,9386.18
397,2025-10-26,Книги,Учебник,9,1906.48,17158.32
398,2025-10-14,Одежда,Джинсы,3,7066.8,21200.4
399,2025-10-18,Книги,Комикс,1,1509.88,1509.88
400,2025-10-18,Книги,Энциклопедия,6,6507.44,39044.64
401,2025-11-09,Книги,Роман,8,6406.19,51249.52
402,2025-10-10,Электроника,Ноутбук,10,8466.33,84663.3
403,2025-10-17,Одежда,Джинсы,9,3305.53,29749.77
404,2025-10-29,Электроника,Наушники,7,704.23,4929.61
405,2025-10-14,Электроника,Планшет,3,2699.94,8099.82
406,2025-10-15,Книги,Комикс,8,4432.06,35456.48
407,2025-10-15,Одежда,Футболка,10,1133.26,11332.6
408,2025-11-06,Продукты,Фрукты,10,3914.71,39147.1
409,2025-11-09,Одежда,Футболка,5,126.31,631.55
410,2025-10-28,Спорт,Мяч,8,2082.55,16660.4
411,2025-10-14,Электроника,Планшет,10,4839.85,48398.5
412,2025-10-17,Книги,Роман,4,3160.54,12642.16
413,2025-10-10,Одежда,Джинсы,3,852.42,2557.26
414,2025-10-31,Продукты,Хлеб,4,2496.03,9984.12
415,2025-11-06,Книги,Роман,4,2269.41,9077.64
416,2025-10-23,Продукты,Молоко,10,2494.36,24943.6
417,2025-11-09,Одежда,Кроссовки,7,3194.51,-22361.57
418,2025-10-26,Спорт,Скакалка,6,1825.69,10954.14
419,2025-10-29,Электроника,Планшет,9,7239.09,65151.81
420,2025-10-19,Книги,Учебник,10,6685.0,66850.0
421,2025-10-24,Книги,Комикс,1,5117.75,5117.75
422,2025-10-14,Спорт,Гантели,6,6839.04,41034.24
423,2025-10-13,Одежда,Джинсы,6,7450.46,44702.76
424,2025-10-25,Спорт,Коврик,3,3449.44,10348.32
425,2025-10-24,Книги,Учебник,2,6241.6,12483.2
426,2025-11-03,Одежда,Куртка,3,3748.84,11246.52
427,2025-10-27,Книги,Учебник,2,5115.49,10230.98
428,2025-10-28,Продукты,Яйца,2,2568.98,5137.96
429,2025-10-18,Продукты,Хлеб,3,1336.05,-4008.15
430,2025-10-29,Спорт,Коврик,1,1317.01,1317.01
431,2025-10-12,Электроника,Ноутбук,8,1947.65,15581.2
432,2025-10-26,Одежда,Куртка,9,9877.72,-88899.48
433,2025-10-30,Одежда,Джинсы,2,9168.94,18337.88
434,2025-11-02,Книги,Энциклопедия,1,574.33,574.33
435,2025-10-17,Одежда,Джинсы,7,1170.59,8194.13
436,2025-11-09,Одежда,Кроссовки,8,1752.02,14016.16
437,2025-10-31,Продукты,Молоко,8,7359.38,58875.04
438,2025-10-12,Спорт,Коврик,9,1898.4,17085.6
439,2025-11-08,Электроника,Ноутбук,10,5562.43,55624.3
440,2025-10-22,Продукты,Фрукты,3,6601.16,19803.48
441,2025-10-18,Книги,Комикс,1,8348.65,8348.65
442,2025-10-30,Одежда,Футболка,2,5567.75,11135.5
443,2025-10-30,Книги,Учебник,6,8079.77,48478.62
444,2025-10-10,Продукты,Фрукты,8,1269.89,10159.12
445,2025-10-30,Электроника,Телефон,8,6561.32,52490.56
446,2025-10-22,Спорт,Коврик,10,2695.49,26954.9
447,2025-10-30,Книги,Роман,3,723.41,2170.23
448,2025-11-05,Спорт,Мяч,2,2270.93,4541.86
449,2025-10-31,Книги,Роман,5,4136.62,20683.1
450,2025-11-05,Книги,Роман,8,4887.86,39102.88
451,2025-10-12,Электроника,Наушники,5,8374.2,41871.0
452,2025-11-08,Спорт,Коврик,3,9286.83,27860.49
453,2025-10-27,Электроника,Ноутбук,9,7572.72,68154.48
454,2025-11-08,Одежда,Футболка,7,319.88,2239.16
455,2025-10-10,Продукты,Яйца,3,4841.79,14525.37
456,2025-11-05,Спорт,Гантели,3,8458.65,25375.95
457,2025-10-19,Продукты,Хлеб,8,3602.8,28822.4
458,2025-10-14,Спорт,Коврик,6,7647.82,45886.92
459,2025-11-04,Продукты,Яйца,7,7520.69,52644.83
460,2025-10-10,Электроника,Телефон,5,8203.24,41016.2
461,2025-10-15,Электроника,Ноутбук,8,8477.5,67820.0
462,2025-10-23,Электроника,Наушники,3,6414.34,19243.02
463,2025-10-31,Электроника,Наушники,7,7671.79,53702.53
464,2025-10-15,Книги,Роман,7,6104.73,42733.11
465,2025-11-04,Продукты,Молоко,8,7538.03,60304.24
466,2025-10-26,Спорт,Коврик,1,7603.91,7603.91
467,2025-10-10,Книги,Комикс,8,8026.29,64210.32
468,2025-11-02,Книги,Энциклопедия,10,4223.86,42238.6
469,2025-10-14,Продукты,Хлеб,8,9426.27,75410.16
470,2025-10-30,Электроника,Ноутбук,3,8688.76,26066.28
471,2025-10-18,Книги,Роман,4,9771.65,39086.6
472,2025-10-17,Книги,Роман,3,608.2,1824.6
473,2025-10-12,Продукты,Молоко,5,8495.53,42477.65
474,2025-10-31,Электроника,Телефон,4,6684.72,26738.88
475,2025-10-16,Электроника,Наушники,5,7790.03,38950.15
476,2025-10-10,Электроника,Телефон,5,7162.91,35814.55
477,2025-11-07,Одежда,Кроссовки,9,7304.52,65740.68
478,2025-10-22,Спорт,Коврик,3,3597.5,10792.5
479,2025-10-26,Книги,Энциклопедия,5,475.83,2379.15
480,2025-11-02,Книги,Энциклопедия,8,9915.1,79320.8
481,2025-10-26,Продукты,Фрукты,5,2866.95,14334.75
482,2025-10-11,Книги,Учебник,6,6732.97,40397.82
483,2025-10-31,Электроника,Планшет,2,4137.2,8274.4
484,2025-11-03,Продукты,Яйца,2,8342.71,16685.42
485,2025-10-30,Книги,Роман,5,6072.61,30363.05
486,2025-10-15,Электроника,Ноутбук,7,5635.09,39445.63
487,2025-10-16,Спорт,Гантели,6,4145.71,24874.26
488,2025-10-14,Книги,Комикс,5,7923.4,39617.0
489,2025-11-04,Спорт,Скакалка,10,416.54,4165.4
490,2025-10-20,Книги,Роман,3,6725.24,20175.72
491,2025-10-16,Продукты,Молоко,4,3383.55,13534.2
492,2025-11-09,Продукты,Яйца,6,979.1,5874.6
493,2025-11-03,Продукты,Фрукты,8,9575.67,76605.36
494,2025-10-29,Спорт,Коврик,4,4629.38,18517.52
495,2025-10-26,Электроника,Ноутбук,2,4063.16,8126.32
496,2025-10-29,Спорт,Скакалка,10,7586.74,75867.4
497,2025-10-18,Одежда,Кроссовки,7,8019.44,56136.08
498,2025-10-12,Спорт,Коврик,10,447.36,4473.6
499,2025-11-01,Продукты,Фрукты,5,5199.45,25997.25
500,2025-11-04,Спорт,Скакалка,5,4098.28,20491.4
501,2025-10-28,Книги,Учебник,4,2356.34,9425.36
502,2025-10-26,Спорт,Коврик,7,9988.03,69916.21
503,2025-11-01,Одежда,Кроссовки,7,6344.98,44414.86
504,2025-10-15,Продукты,Хлеб,4,4510.62,18042.48
505,2025-10-24,Одежда,Кроссовки,7,6099.15,42694.05
506,2025-10-13,Продукты,Хлеб,4,9181.26,36725.04
507,2025-10-23,Книги,Энциклопедия,4,3265.64,13062.56
508,2025-10-26,Спорт,Гантели,1,443.42,443.42
509,2025-10-23,Спорт,Гантели,10,2277.21,22772.1
510,2025-10-24,Электроника,Ноутбук,4,7354.06,29416.24
511,2025-11-09,Книги,Учебник,3,6906.44,20719.32
512,2025-11-01,Одежда,Куртка,10,5170.8,51708.0
513,2025-11-09,Электроника,Планшет,8,7242.86,57942.88
514,2025-11-09,Спорт,Мяч,3,8471.63,25414.89
515,2025-11-04,Продукты,Фрукты,4,3903.57,15614.28
516,2025-11-09,Книги,Роман,8,2385.11,19080.88
517,2025-10-23,Продукты,Фрукты,4,2690.58,10762.32
518,2025-10-26,Продукты,Молоко,4,8545.79,34183.16
519,2025-11-04,Электроника,Наушники,7,1879.85,13158.95
520,2025-10-29,Одежда,Куртка,3,8245.93,24737.79
521,2025-10-17,Электроника,Телефон,3,6525.75,19577.25
522,2025-10-31,Книги,Учебник,9,4788.0,43092.0
523,2025-11-02,Одежда,Куртка,1,897.19,897.19
524,2025-10-12,Книги,Энциклопедия,1,5281.62,5281.62
525,2025-10-28,Спорт,Гантели,8,6335.31,50682.48
526,2025-10-13,Электроника,Телефон,2,1002.68,2005.36
527,2025-10-18,Электроника,Телефон,10,4574.39,45743.9
528,2025-10-20,Спорт,Мяч,8,7796.86,-62374.88
529,2025-10-29,Продукты,Молоко,8,7357.85,58862.8
530,2025-11-05,Книги,Комикс,9,2354.82,21193.38
531,2025-10-19,Электроника,Телефон,4,7821.33,31285.32
532,2025-10-29,Спорт,Скакалка,3,2601.75,7805.25
533,2025-11-01,Книги,Комикс,5,708.27,3541.35
534,2025-11-07,Спорт,Скакалка,2,9266.76,18533.52
535,2025-10-13,Электроника,Ноутбук,9,3279.06,29511.54
536,2025-10-27,Продукты,Фрукты,8,215.26,1722.08
537,2025-10-16,Электроника,Планшет,9,5711.6,51404.4
538,2025-10-25,Продукты,Молоко,6,1620.29,9721.74
539,2025-11-07,Продукты,Фрукты,4,2969.5,11878.0
540,2025-10-14,Электроника,Телефон,3,4748.58,-14245.74
541,2025-10-13,Книги,Учебник,5,3504.62,17523.1
542,2025-10-28,Продукты,Молоко,5,5681.91,28409.55
543,2025-11-04,Спорт,Скакалка,1,7251.17,7251.17
544,2025-10-27,Электроника,Ноутбук,9,7103.88,63934.92
545,2025-10-10,Книги,Энциклопедия,8,4857.18,38857.44
546,2025-10-30,Одежда,Футболка,5,9643.65,48218.25
547,2025-10-29,Продукты,Фрукты,10,9642.98,96429.8
548,2025-10-22,Электроника,Ноутбук,3,3875.38,11626.14
549,2025-10-10,Одежда,Кроссовки,2,4076.56,8153.12
550,2025-10-24,Электроника,Телефон,2,2069.78,4139.56
551,2025-10-24,Книги,Роман,5,6053.82,30269.1
552,2025-10-19,Продукты,Молоко,6,4003.04,24018.24
553,2025-10-23,Книги,Роман,2,6866.0,13732.0
554,2025-10-16,Спорт,Коврик,4,3547.09,14188.36
555,2025-10-26,Книги,Комикс,4,957.14,3828.56
556,2025-10-17,Книги,Роман,8,5930.9,47447.2
557,2025-10-26,Продукты,Хлеб,6,6024.33,36145.98
558,2025-10-31,Одежда,Джинсы,4,4711.22,18844.88
559,2025-10-16,Электроника,Телефон,10,1887.82,18878.2
560,2025-10-20,Продукты,Яйца,9,4971.18,44740.62
561,2025-10-26,Электроника,Телефон,3,3544.0,10632.0
562,2025-10-30,Одежда,Кроссовки,4,6210.76,24843.04
563,2025-10-26,Спорт,Коврик,5,7036.8,35184.0
564,2025-10-28,Электроника,Наушники,9,726.8,6541.2
565,2025-10-26,Одежда,Кроссовки,8,4611.1,36888.8
566,2025-10-27,Электроника,Наушники,10,6464.05,64640.5
567,2025-11-07,Продукты,Фрукты,8,9252.45,74019.6
568,2025-10-13,Электроника,Телефон,9,2701.41,24312.69
569,2025-10-27,Спорт,Мяч,7,3902.93,27320.51
570,2025-11-02,Продукты,Фрукты,1,6485.37,6485.37
571,2025-10-11,Книги,Комикс,10,3572.91,35729.1
572,2025-10-12,Книги,Учебник,7,1412.18,9885.26
573,2025-10-22,Одежда,Куртка,9,752.52,6772.68
574,2025-11-09,Продукты,Хлеб,9,7237.64,65138.76
575,2025-10-13,Одежда,Куртка,10,7395.28,-73952.8
576,2025-10-26,Продукты,Фрукты,4,4990.72,19962.88
577,2025-11-03,Книги,Энциклопедия,2,2233.39,4466.78
578,2025-10-16,Электроника,Телефон,5,6557.27,32786.35
579,2025-11-08,Продукты,Хлеб,1,6150.45,6150.45
580,2025-10-29,Спорт,Коврик,8,4083.57,32668.56
581,2025-10-29,Продукты,Яйца,1,3369.51,3369.51
582,2025-11-05,Спорт,Коврик,1,8117.19,8117.19
583,2025-10-10,Электроника,Телефон,7,6535.2,45746.4
584,2025-11-05,Спорт,Коврик,4,4865.27,19461.08
585,2025-10-30,Продукты,Молоко,6,598.13,3588.78
586,2025-11-07,Продукты,Фрукты,10,5468.28,54682.8
587,2025-11-08,Электроника,Телефон,8,2461.18,19689.44
588,2025-11-05,Одежда,Куртка,3,5552.39,16657.17
589,2025-10-23,Электроника,Планшет,7,4003.72,28026.04
590,2025-10-16,Спорт,Мяч,6,582.67,3496.02
591,2025-11-01,Одежда,Кроссовки,10,7967.16,79671.6
592,2025-10-22,Спорт,Коврик,2,9153.67,18307.34
593,2025-11-07,Спорт,Коврик,6,6154.86,36929.16
594,2025-10-31,Спорт,Гантели,1,3110.5,3110.5
595,2025-11-03,Электроника,Телефон,1,1772.96,1772.96
596,2025-10-15,Одежда,Джинсы,6,7897.55,47385.3
597,2025-10-30,Книги,Комикс,3,6953.34,20860.02
598,2025-10-20,Одежда,Кроссовки,4,6669.16,26676.64
599,2025-10-18,Спорт,Коврик,5,1622.42,8112.1
600,2025-11-01,Электроника,Ноутбук,5,7899.06,39495.3
601,2025-10-30,Электроника,Телефон,7,1400.34,9802.38
602,2025-11-04,Спорт,Скакалка,6,8163.44,48980.64
603,2025-10-25,Одежда,Джинсы,9,2180.37,19623.33
604,2025-10-25,Книги,Комикс,7,4347.36,30431.52
605,2025-10-19,Книги,Роман,2,6022.74,12045.48
606,2025-10-18,Продукты,Хлеб,4,108.03,432.12
607,2025-11-03,Продукты,Хлеб,7,2364.52,16551.64
608,2025-11-01,Одежда,Кроссовки,9,4680.81,42127.29
609,2025-10-26,Продукты,Хлеб,4,4293.69,-17174.76
610,2025-10-12,Продукты,Фрукты,7,2699.27,18894.89
611,2025-11-04,Электроника,Наушники,10,1737.23,17372.3
612,2025-11-01,Одежда,Футболка,10,364.49,3644.9
613,2025-11-03,Электроника,Планшет,2,502.09,1004.18
614,2025-10-22,Спорт,Мяч,7,956.55,6695.85
615,2025-11-08,Одежда,Футболка,3,9360.91,28082.73
616,2025-11-02,Спорт,Гантели,8,8960.08,71680.64
617,2025-10-26,Продукты,Молоко,7,7895.26,55266.82
618,2025-10-28,Одежда,Футболка,5,9938.31,49691.55
619,2025-10-31,Одежда,Футболка,5,6457.23,32286.15
620,2025-10-19,Книги,Комикс,6,5281.03,31686.18
621,2025-10-31,Продукты,Фрукты,2,8387.0,16774.0
622,2025-11-06,Одежда,Кроссовки,8,7958.88,63671.04
623,2025-10-22,Электроника,Наушники,5,6729.42,33647.1
624,2025-11-01,Спорт,Гантели,3,1355.8,4067.4
625,2025-11-07,Одежда,Куртка,9,3205.74,28851.66
626,2025-11-05,Книги,Роман,8,3506.52,28052.16
627,2025-10-21,Электроника,Телефон,6,1799.67,10798.02
628,2025-11-06,Книги,Роман,5,8433.14,42165.7
629,2025-10-30,Электроника,Планшет,7,3842.36,26896.52
630,2025-10-29,Продукты,Молоко,6,8453.4,50720.4
631,2025-10-28,Книги,Энциклопедия,5,6486.33,32431.65
632,2025-10-17,Одежда,Кроссовки,9,6532.9,58796.1
633,2025-11-06,Электроника,Наушники,4,9209.57,36838.28
634,2025-10-15,Продукты,Хлеб,2,1990.29,3980.58
635,2025-10-16,Книги,Учебник,1,5127.82,5127.82
636,2025-10-11,Одежда,Футболка,1,5683.15,5683.15
637,2025-11-01,Электроника,Телефон,1,1693.53,-1693.53
638,2025-10-19,Продукты,Хлеб,3,9408.58,28225.74
639,2025-11-04,Спорт,Коврик,5,6967.09,34835.45
640,2025-10-17,Продукты,Фрукты,5,4344.35,21721.75
641,2025-10-24,Спорт,Мяч,7,4672.84,32709.88
642,2025-10-11,Спорт,Мяч,5,4597.16,22985.8
643,2025-11-06,Электроника,Планшет,10,8617.83,86178.3
644,2025-10-19,Одежда,Куртка,6,2407.33,14443.98
645,2025-10-29,Спорт,Гантели,1,2985.63,2985.63
646,2025-11-06,Спорт,Мяч,3,3992.23,11976.69
647,2025-10-11,Спорт,Скакалка,9,7365.86,66292.74
648,2025-11-03,Книги,Роман,6,3333.05,19998.3
649,2025-10-17,Одежда,Кроссовки,5,3887.99,19439.95
650,2025-10-29,Электроника,Ноутбук,7,2253.74,15776.18
651,2025-11-03,Продукты,Фрукты,9,127.19,1144.71
652,2025-10-14,Спорт,Коврик,5,7641.82,38209.1
653,2025-10-22,Спорт,Коврик,1,6040.1,6040.1
654,2025-10-29,Продукты,Хлеб,7,9257.76,64804.32
655,2025-10-15,Одежда,Куртка,3,188.48,565.44
656,2025-11-04,Электроника,Ноутбук,4,9962.8,39851.2
657,2025-10-30,Электроника,Наушники,4,9883.3,39533.2
658,2025-10-24,Электроника,Наушники,10,1593.85,15938.5
659,2025-11-01,Одежда,Футболка,7,9929.35,-69505.45
660,2025-10-11,Одежда,Кроссовки,6,3679.65,-22077.9
661,2025-11-04,Книги,Роман,5,7974.76,39873.8
662,2025-11-05,Спорт,Гантели,6,159.12,954.72
663,2025-11-02,Книги,Роман,7,2301.92,16113.44
664,2025-11-04,Продукты,Фрукты,6,9522.88,57137.28
665,2025-10-23,Спорт,Скакалка,2,8424.65,16849.3
666,2025-10-31,Одежда,Кроссовки,2,8026.82,16053.64
667,2025-10-15,Продукты,Яйца,9,8513.35,76620.15
668,2025-10-11,Книги,Учебник,3,7124.62,21373.86
669,2025-11-05,Книги,Энциклопедия,9,4637.04,41733.36
670,2025-10-21,Книги,Роман,2,2444.19,4888.38
671,2025-10-30,Одежда,Футболка,7,3751.18,26258.26
672,2025-10-22,Электроника,Ноутбук,9,3171.02,28539.18
673,2025-11-03,Спорт,Мяч,4,3126.03,12504.12
674,2025-10-30,Одежда,Кроссовки,8,7775.73,62205.84
675,2025-11-09,Спорт,Коврик,8,4599.68,36797.44
676,2025-11-05,Электроника,Планшет,1,1597.32,1597.32
677,2025-11-03,Одежда,Кроссовки,3,1093.54,3280.62
678,2025-11-07,Продукты,Хлеб,4,1471.66,5886.64
679,2025-10-28,Продукты,Молоко,1,2983.88,2983.88
680,2025-10-21,Одежда,Джинсы,7,4369.69,30587.83
681,2025-10-18,Продукты,Хлеб,10,1408.97,14089.7
682,2025-10-20,Книги,Учебник,10,6895.76,68957.6
683,2025-10-16,Спорт,Скакалка,1,2788.55,2788.55
684,2025-10-13,Электроника,Телефон,5,5676.91,28384.55
685,2025-10-31,Одежда,Футболка,3,2894.69,-8684.07
686,2025-10-27,Электроника,Планшет,8,734.84,5878.72
687,2025-10-25,Продукты,Яйца,1,2301.88,2301.88
688,2025-10-27,Электроника,Телефон,3,9177.42,27532.26
689,2025-10-31,Продукты,Хлеб,5,9909.26,49546.3
690,2025-10-18,Электроника,Телефон,10,8430.13,84301.3
691,2025-11-09,Спорт,Мяч,9,2519.92,-22679.28
692,2025-10-27,Одежда,Кроссовки,5,7137.6,35688.0
693,2025-10-11,Одежда,Кроссовки,10,6369.55,63695.5
694,2025-10-18,Продукты,Молоко,2,8340.36,16680.72
695,2025-10-14,Книги,Учебник,9,2709.52,24385.68
696,2025-10-28,Одежда,Кроссовки,9,7761.69,69855.21
697,2025-11-02,Спорт,Скакалка,1,5753.23,5753.23
698,2025-10-24,Книги,Энциклопедия,1,7563.06,7563.06
699,2025-10-25,Спорт,Коврик,6,5584.53,-33507.18
700,2025-10-13,Книги,Энциклопедия,10,2412.5,24125.0
701,2025-10-12,Книги,Энциклопедия,1,7534.77,7534.77
702,2025-10-31,Электроника,Планшет,4,9403.22,37612.88
703,2025-10-28,Спорт,Скакалка,6,919.86,5519.16
704,2025-10-11,Электроника,Телефон,6,6493.85,38963.1
705,2025-11-09,Одежда,Кроссовки,10,2070.95,20709.5
706,2025-10-20,Книги,Учебник,9,4907.38,44166.42
707,2025-10-12,Одежда,Кроссовки,5,4933.97,24669.85
708,2025-10-30,Одежда,Футболка,4,5503.63,22014.52
709,2025-10-28,Спорт,Мяч,6,6608.4,39650.4
710,2025-11-06,Электроника,Планшет,2,9423.71,18847.42
711,2025-11-05,Одежда,Куртка,5,7864.14,39320.7
712,2025-11-08,Продукты,Фрукты,4,3841.84,15367.36
713,2025-10-24,Спорт,Гантели,10,7375.91,-73759.1
714,2025-10-25,Одежда,Куртка,3,9729.42,29188.26
715,2025-11-04,Продукты,Яйца,7,6779.56,47456.92
716,2025-10-25,Продукты,Хлеб,5,8678.34,43391.7
717,2025-11-05,Одежда,Куртка,10,9450.11,94501.1
718,2025-11-09,Электроника,Планшет,9,5036.7,45330.3
719,2025-11-08,Спорт,Коврик,9,9511.84,85606.56
720,2025-10-11,Продукты,Фрукты,7,1167.77,8174.39
721,2025-10-15,Книги,Учебник,7,7046.8,49327.6
722,2025-10-17,Продукты,Фрукты,7,6134.66,42942.62
723,2025-10-24,Спорт,Коврик,5,9250.98,46254.9
724,2025-10-10,Спорт,Гантели,3,2636.37,7909.11
725,2025-10-11,Книги,Энциклопедия,10,1440.34,14403.4
726,2025-11-01,Электроника,Ноутбук,8,157.36,1258.88
727,2025-10-30,Книги,Комикс,2,3165.06,6330.12
728,2025-11-07,Электроника,Планшет,10,8104.21,81042.1
729,2025-11-08,Продукты,Яйца,3,7208.81,21626.43
730,2025-11-02,Спорт,Гантели,8,8133.63,65069.04
731,2025-11-07,Электроника,Наушники,3,2227.1,6681.3
732,2025-11-09,Одежда,Куртка,8,7807.28,62458.24
733,2025-10-20,Одежда,Кроссовки,4,3973.28,15893.12
734,2025-10-28,Продукты,Хлеб,3,4680.27,14040.81
735,2025-10-31,Книги,Учебник,9,8248.4,74235.6
736,2025-10-23,Спорт,Скакалка,2,7509.57,15019.14
737,2025-10-11,Одежда,Кроссовки,4,878.04,3512.16
738,2025-11-07,Одежда,Джинсы,5,4100.97,20504.85
739,2025-10-21,Книги,Учебник,5,7121.59,35607.95
740,2025-11-03,Книги,Энциклопедия,5,6737.47,33687.35
741,2025-10-25,Спорт,Гантели,5,6176.69,30883.45
742,2025-10-22,Спорт,Коврик,4,9449.11,37796.44
743,2025-10-24,Спорт,Мяч,5,6286.08,31430.4
744,2025-11-05,Спорт,Скакалка,10,2793.18,27931.8
745,2025-10-10,Электроника,Телефон,1,5063.57,5063.57
746,2025-10-28,Продукты,Молоко,3,1130.69,-3392.07
747,2025-10-11,Книги,Учебник,4,3038.03,12152.12
748,2025-10-15,Книги,Учебник,8,1811.09,14488.72
749,2025-10-27,Одежда,Джинсы,2,3688.59,7377.18
750,2025-11-08,Одежда,Кроссовки,5,1763.65,8818.25
751,2025-11-06,Спорт,Гантели,8,7206.5,57652.0
752,2025-11-06,Спорт,Мяч,5,9162.43,45812.15
753,2025-10-10,Книги,Энциклопедия,2,8184.31,16368.62
754,2025-10-17,Одежда,Джинсы,7,5125.23,-35876.61
755,2025-10-20,Спорт,Скакалка,1,3445.84,3445.84
756,2025-10-20,Одежда,Джинсы,7,3767.85,26374.95
757,2025-11-08,Продукты,Хлеб,4,310.97,1243.88
758,2025-10-21,Одежда,Куртка,1,4624.36,4624.36
759,2025-10-13,Электроника,Телефон,9,9032.08,81288.72
760,2025-10-30,Электроника,Ноутбук,1,7597.08,7597.08
761,2025-10-10,Продукты,Молоко,6,9618.35,57710.1
762,2025-11-04,Книги,Энциклопедия,7,7230.74,50615.18
763,2025-11-05,Книги,Учебник,4,9578.08,38312.32
764,2025-10-10,Книги,Учебник,6,7661.36,45968.16
765,2025-11-04,Продукты,Молоко,3,8498.19,25494.57
766,2025-11-08,Электроника,Наушники,9,6190.46,55714.14
767,2025-10-15,Продукты,Яйца,1,4991.04,4991.04
768,2025-10-20,Книги,Учебник,2,3659.62,7319.24
769,2025-11-07,Книги,Роман,5,2563.5,12817.5
770,2025-10-29,Одежда,Куртка,1,3138.54,3138.54
771,2025-10-10,Электроника,Наушники,4,5196.49,20785.96
772,2025-10-13,Электроника,Телефон,7,6935.22,48546.54
773,2025-10-16,Спорт,Скакалка,7,1319.9,9239.3
774,2025-10-22,Продукты,Хлеб,7,2617.21,18320.47
775,2025-10-17,Электроника,Ноутбук,3,7931.13,23793.39
776,2025-10-17,Продукты,Яйца,4,194.37,777.48
777,2025-10-25,Электроника,Телефон,1,3187.51,3187.51
778,2025-10-10,Одежда,Джинсы,2,2763.27,5526.54
779,2025-11-01,Продукты,Фрукты,9,956.11,8604.99
780,2025-10-19,Электроника,Наушники,2,2213.96,4427.92
781,2025-10-25,Спорт,Скакалка,3,1982.89,5948.67
782,2025-10-23,Книги,Роман,3,7732.03,23196.09
783,2025-10-17,Одежда,Футболка,8,9917.94,79343.52
784,2025-10-17,Электроника,Наушники,4,3673.11,14692.44
785,2025-10-16,Спорт,Скакалка,3,3050.06,9150.18
786,2025-11-04,Электроника,Планшет,3,7049.59,21148.77
787,2025-10-11,Продукты,Молоко,5,7680.52,38402.6
788,2025-10-27,Книги,Комикс,3,4406.38,13219.14
789,2025-10-11,Одежда,Куртка,4,1944.42,7777.68
790,2025-10-21,Книги,Учебник,2,5846.98,11693.96
791,2025-10-10,Одежда,Джинсы,7,9196.01,64372.07
792,2025-10-19,Электроника,Наушники,4,3849.24,-15396.96
793,2025-10-26,Одежда,Кроссовки,1,5094.98,5094.98
794,2025-10-22,Книги,Роман,3,9416.84,28250.52
795,2025-10-24,Одежда,Футболка,1,1132.99,1132.99
796,2025-11-04,Одежда,Футболка,10,9993.21,99932.1
797,2025-10-23,Спорт,Коврик,8,1247.85,-9982.8
798,2025-10-24,Одежда,Футболка,9,8760.21,78841.89
799,2025-10-18,Электроника,Наушники,3,454.36,1363.08
800,2025-11-06,Спорт,Мяч,9,5547.27,49925.43
801,2025-10-20,Продукты,Молоко,4,4679.93,18719.72
802,2025-10-11,Одежда,Джинсы,6,3154.64,18927.84
803,2025-11-06,Спорт,Коврик,2,8779.82,17559.64
804,2025-10-11,Электроника,Планшет,6,8166.59,48999.54
805,2025-11-01,Продукты,Хлеб,7,8231.93,57623.51
806,2025-11-03,Электроника,Телефон,4,432.27,1729.08
807,2025-10-31,Электроника,Ноутбук,3,1816.55,5449.65
808,2025-10-28,Спорт,Мяч,3,8110.69,24332.07
809,2025-10-25,Продукты,Яйца,7,2869.61,20087.27
810,2025-10-11,Электроника,Ноутбук,5,1784.94,8924.7
811,2025-10-11,Одежда,Кроссовки,5,5733.12,-28665.6
812,2025-11-01,Продукты,Хлеб,5,8558.44,42792.2
813,2025-10-19,Одежда,Футболка,5,8141.8,40709.0
814,2025-11-03,Спорт,Гантели,4,7722.25,30889.0
815,2025-10-18,Электроника,Планшет,2,9433.74,18867.48
816,2025-10-18,Спорт,Скакалка,1,3282.17,3282.17
817,2025-10-12,Спорт,Мяч,4,6032.61,24130.44
818,2025-11-03,Книги,Энциклопедия,4,5758.18,23032.72
819,2025-11-05,Спорт,Мяч,5,174.97,874.85
820,2025-10-29,Книги,Учебник,10,8787.29,87872.9
821,2025-10-26,Одежда,Кроссовки,8,1669.84,13358.72
822,2025-10-20,Электроника,Наушники,6,2890.94,17345.64
823,2025-10-26,Книги,Энциклопедия,2,367.37,734.74
824,2025-10-16,Книги,Энциклопедия,1,5324.97,5324.97
825,2025-10-31,Продукты,Молоко,9,3702.79,33325.11
826,2025-10-31,Электроника,Телефон,1,7860.53,-7860.53
827,2025-10-29,Одежда,Джинсы,7,4553.05,31871.35
828,2025-11-05,Продукты,Молоко,6,4971.09,29826.54
829,2025-10-18,Спорт,Мяч,7,4279.55,29956.85
830,2025-10-13,Электроника,Ноутбук,7,1100.47,7703.29
831,2025-10-26,Одежда,Кроссовки,1,8235.8,8235.8
832,2025-11-01,Продукты,Фрукты,2,2269.59,4539.18
833,2025-10-25,Спорт,Скакалка,5,8283.89,41419.45
834,2025-10-14,Одежда,Куртка,4,8029.75,32119.0
835,2025-11-05,Спорт,Гантели,8,3069.02,24552.16
836,2025-10-27,Продукты,Яйца,2,2829.72,5659.44
837,2025-10-15,Спорт,Коврик,5,2140.8,10704.0
838,2025-11-04,Книги,Комикс,8,6131.52,49052.16
839,2025-10-17,Книги,Роман,8,966.18,7729.44
840,2025-10-30,Электроника,Наушники,8,575.93,4607.44
841,2025-10-28,Книги,Роман,6,9255.78,-55534.68
842,2025-10-11,Одежда,Джинсы,10,4237.38,42373.8
843,2025-10-11,Спорт,Мяч,3,6506.33,19518.99
844,2025-11-04,Продукты,Яйца,3,1081.25,3243.75
845,2025-10-10,Продукты,Фрукты,7,7347.38,51431.66
846,2025-10-24,Одежда,Кроссовки,4,2107.92,8431.68
847,2025-10-11,Книги,Роман,10,1290.02,12900.2
848,2025-11-01,Спорт,Мяч,7,2798.31,19588.17
849,2025-10-19,Продукты,Хлеб,1,257.16,257.16
850,2025-10-23,Электроника,Телефон,2,3215.21,6430.42
851,2025-10-25,Книги,Комикс,3,5198.1,15594.3
852,2025-10-31,Книги,Комикс,6,9787.85,58727.1
853,2025-10-14,Электроника,Наушники,9,6211.52,55903.68
854,2025-10-23,Книги,Комикс,5,6577.22,32886.1
855,2025-11-02,Продукты,Яйца,5,826.47,4132.35
856,2025-10-21,Одежда,Куртка,5,9972.19,49860.95
857,2025-10-27,Одежда,Куртка,5,6363.43,31817.15
858,2025-11-07,Книги,Роман,4,4234.59,16938.36
859,2025-10-23,Спорт,Коврик,6,5800.6,34803.6
860,2025-10-22,Электроника,Планшет,8,3324.63,26597.04
861,2025-10-13,Продукты,Хлеб,5,4868.53,24342.65
862,2025-10-15,Одежда,Куртка,6,4386.96,26321.76
863,2025-10-26,Продукты,Яйца,7,6884.47,48191.29
864,2025-10-27,Книги,Учебник,8,2546.96,20375.68
865,2025-11-05,Одежда,Футболка,9,6012.97,54116.73
866,2025-11-06,Спорт,Гантели,6,2727.17,16363.02
867,2025-10-22,Одежда,Футболка,6,1818.39,10910.34
868,2025-11-09,Спорт,Гантели,9,2053.6,18482.4
869,2025-11-02,Электроника,Ноутбук,2,7433.99,14867.98
870,2025-10-19,Одежда,Футболка,1,6910.78,6910.78
871,2025-10-16,Продукты,Фрукты,10,9159.02,91590.2
872,2025-10-24,Электроника,Ноутбук,9,5263.56,47372.04
873,2025-11-05,Спорт,Гантели,8,6838.27,54706.16
874,2025-10-11,Книги,Энциклопедия,4,4260.32,17041.28
875,2025-10-17,Продукты,Хлеб,9,8872.87,79855.83
876,2025-10-30,Книги,Энциклопедия,10,613.84,6138.4
877,2025-10-24,Книги,Энциклопедия,4,3756.64,15026.56
878,2025-11-08,Одежда,Футболка,8,1159.23,9273.84
879,2025-11-02,Книги,Роман,3,4753.84,14261.52
880,2025-10-10,Продукты,Фрукты,6,4597.33,27583.98
881,2025-10-28,Продукты,Хлеб,1,416.43,416.43
882,2025-10-28,Спорт,Скакалка,1,8860.43,8860.43
883,2025-10-10,Продукты,Хлеб,6,4906.62,29439.72
884,2025-10-31,Книги,Энциклопедия,3,5134.83,15404.49
885,2025-11-01,Электроника,Планшет,6,7869.79,47218.74
886,2025-10-25,Одежда,Джинсы,6,4586.68,27520.08
887,2025-10-10,Одежда,Кроссовки,1,5652.47,5652.47
888,2025-10-20,Спорт,Гантели,9,3395.79,30562.11
889,2025-11-03,Продукты,Хлеб,9,7994.32,71948.88
890,2025-10-19,Книги,Комикс,6,8358.62,50151.72
891,2025-10-14,Электроника,Планшет,3,3859.38,11578.14
892,2025-10-26,Одежда,Футболка,5,7689.33,38446.65
893,2025-10-23,Одежда,Кроссовки,2,7526.18,15052.36
894,2025-10-27,Продукты,Фрукты,5,8353.5,-41767.5
895,2025-10-21,Одежда,Куртка,7,9106.49,63745.43
896,2025-11-07,Книги,Энциклопедия,9,8132.98,73196.82
897,2025-10-17,Одежда,Джинсы,2,3257.94,6515.88
898,2025-11-04,Книги,Учебник,1,1522.52,1522.52
899,2025-11-07,Книги,Роман,3,4828.94,14486.82
900,2025-10-29,Одежда,Джинсы,2,1368.35,2736.7
901,2025-10-21,Спорт,Гантели,4,945.63,3782.52
902,2025-10-30,Продукты,Хлеб,3,9809.14,-29427.42
903,2025-10-26,Спорт,Скакалка,3,2878.27,8634.81
904,2025-10-21,Продукты,Молоко,5,6997.77,34988.85
905,2025-10-31,Продукты,Хлеб,10,2794.48,27944.8
906,2025-10-20,Одежда,Джинсы,4,7487.48,29949.92
907,2025-10-30,Одежда,Куртка,9,2823.39,25410.51
908,2025-10-19,Спорт,Мяч,1,7822.81,7822.81
909,2025-11-05,Книги,Роман,2,7145.3,14290.6
910,2025-10-17,Одежда,Кроссовки,2,4482.16,8964.32
911,2025-10-23,Книги,Комикс,5,1922.53,9612.65
912,2025-10-17,Спорт,Мяч,6,6694.97,40169.82
913,2025-10-18,Электроника,Телефон,3,753.82,2261.46
914,2025-10-21,Спорт,Гантели,4,8292.33,33169.32
915,2025-10-16,Электроника,Планшет,1,6284.16,6284.16
916,2025-11-09,Продукты,Яйца,8,7197.01,57576.08
917,2025-10-30,Электроника,Ноутбук,4,5608.54,22434.16
918,2025-10-26,Одежда,Куртка,5,5016.81,25084.05
919,2025-10-25,Книги,Роман,3,3035.31,9105.93
920,2025-11-04,Продукты,Фрукты,1,2149.42,2149.42
921,2025-10-27,Одежда,Куртка,7,5442.31,38096.17
922,2025-10-18,Спорт,Коврик,4,7345.2,29380.8
923,2025-10-17,Продукты,Фрукты,7,5106.51,35745.57
924,2025-10-22,Продукты,Фрукты,1,9304.25,9304.25
925,2025-11-03,Книги,Учебник,4,9683.89,38735.56
926,2025-10-30,Спорт,Мяч,1,8117.34,8117.34
927,2025-11-06,Одежда,Куртка,5,4205.42,21027.1
928,2025-10-17,Книги,Роман,5,9716.36,48581.8
929,2025-11-02,Одежда,Куртка,10,5503.86,55038.6
930,2025-10-19,Продукты,Фрукты,4,2028.85,8115.4
931,2025-11-01,Электроника,Телефон,10,1759.84,17598.4
932,2025-10-29,Электроника,Ноутбук,3,1326.87,3980.61
933,2025-10-14,Спорт,Коврик,8,7529.22,60233.76
934,2025-10-12,Спорт,Коврик,10,8173.24,81732.4
935,2025-11-08,Электроника,Наушники,2,2289.59,4579.18
936,2025-10-31,Спорт,Коврик,1,9764.39,9764.39
937,2025-10-11,Спорт,Коврик,2,6882.18,13764.36
938,2025-10-10,Продукты,Молоко,1,2689.73,2689.73
939,2025-10-12,Электроника,Наушники,1,6540.78,-6540.78
940,2025-11-06,Одежда,Футболка,10,7643.49,76434.9
941,2025-10-22,Продукты,Хлеб,9,7175.0,64575.0
942,2025-11-09,Спорт,Скакалка,10,8682.01,86820.1
943,2025-10-13,Спорт,Гантели,7,5626.91,39388.37
944,2025-11-03,Спорт,Коврик,4,3163.94,12655.76
945,2025-10-21,Книги,Энциклопедия,10,889.13,8891.3
946,2025-10-30,Одежда,Куртка,5,9984.49,49922.45
947,2025-10-17,Спорт,Гантели,5,7906.96,39534.8
948,2025-10-10,Одежда,Джинсы,10,2005.58,20055.8
949,2025-10-28,Книги,Комикс,5,3885.46,-19427.3
950,2025-10-21,Продукты,Фрукты,6,8047.66,48285.96
951,2025-10-20,Продукты,Молоко,10,5465.78,54657.8
952,2025-11-03,Книги,Роман,6,5343.2,32059.2
953,2025-10-21,Продукты,Хлеб,10,6074.42,60744.2
954,2025-10-11,Спорт,Мяч,5,7143.68,35718.4
955,2025-11-08,Электроника,Наушники,8,8634.47,69075.76
956,2025-10-12,Спорт,Мяч,2,4678.52,9357.04
957,2025-10-14,Электроника,Телефон,4,4213.02,16852.08
958,2025-10-29,Электроника,Наушники,6,9407.67,56446.02
959,2025-11-09,Электроника,Ноутбук,4,7685.03,30740.12
960,2025-10-24,Одежда,Футболка,4,7785.17,31140.68
961,2025-11-06,Продукты,Хлеб,9,8923.13,80308.17
962,2025-10-28,Книги,Роман,9,6246.8,-56221.2
963,2025-10-16,Книги,Роман,9,563.04,5067.36
964,2025-10-24,Продукты,Яйца,1,6289.36,6289.36
965,2025-10-12,Одежда,Джинсы,6,5078.03,30468.18
966,2025-10-11,Продукты,Молоко,9,9238.36,83145.24
967,2025-10-22,Одежда,Кроссовки,2,2948.33,5896.66
968,2025-11-01,Электроника,Планшет,5,1206.11,6030.55
969,2025-11-09,Одежда,Кроссовки,5,7680.09,38400.45
970,2025-10-19,Спорт,Гантели,3,6559.06,19677.18
971,2025-11-03,Книги,Энциклопедия,7,4398.58,30790.06
972,2025-10-22,Продукты,Фрукты,9,1092.02,9828.18
973,2025-10-28,Книги,Роман,7,9851.26,68958.82
974,2025-10-16,Электроника,Планшет,2,1993.21,3986.42
975,2025-11-08,Электроника,Наушники,5,432.79,2163.95
976,2025-10-30,Книги,Роман,4,5016.96,20067.84
977,2025-11-08,Продукты,Молоко,9,8718.31,78464.79
978,2025-10-12,Книги,Комикс,9,4821.95,43397.55
979,2025-10-13,Спорт,Мяч,10,5831.52,58315.2
980,2025-11-06,Продукты,Молоко,2,6359.5,12719.0
981,2025-11-06,Электроника,Наушники,9,5628.45,50656.05
982,2025-11-01,Одежда,Кроссовки,6,7515.24,45091.44
983,2025-11-03,Книги,Роман,7,4817.04,33719.28
984,2025-11-06,Одежда,Куртка,4,6073.88,24295.52
985,2025-10-30,Спорт,Мяч,1,7309.41,7309.41
986,2025-10-27,Одежда,Джинсы,9,276.91,2492.19
987,2025-10-29,Книги,Комикс,9,6276.2,56485.8
988,2025-10-17,Спорт,Гантели,6,2566.05,15396.3
989,2025-11-05,Книги,Энциклопедия,9,9411.99,84707.91
990,2025-10-24,Одежда,Куртка,7,1482.92,10380.44
991,2025-10-14,Спорт,Мяч,4,4800.84,19203.36
992,2025-10-18,Продукты,Хлеб,5,7973.54,39867.7
993,2025-11-02,Продукты,Хлеб,4,2261.0,9044.0
994,2025-11-07,Электроника,Планшет,2,3658.31,7316.62
995,2025-11-08,Продукты,Молоко,6,1479.82,8878.92
996,2025-10-10,Одежда,Джинсы,10,1581.77,15817.7
997,2025-10-24,Одежда,Джинсы,2,4356.26,8712.52
998,2025-10-21,Спорт,Мяч,4,9369.52,37478.08
999,2025-10-22,Продукты,Хлеб,4,8819.49,35277.96
1000,2025-10-11,Книги,Энциклопедия,8,5496.99,43975.92
