transaction_id,date,customer_id,category,product,quantity,price,amount
1,2025-10-17,192,Электроника,Телефон,4,3052.64,12210.56
2,2025-10-17,136,Продукты,Молоко,9,1978.45,17806.05
3,2025-10-19,131,Спорт,Мяч,9,6849.72,61647.48
4,2025-10-24,192,Одежда,Джинсы,2,4419.53,8839.06
5,2025-10-25,137,Спорт,Коврик,1,8992.13,8992.13
6,2025-10-12,116,Электроника,Телефон,9,2425.09,21825.81
7,2025-10-18,147,Одежда,Куртка,3,3487.91,10463.73
8,2025-10-13,128,Книги,Комикс,10,2301.96,23019.6
9,2025-10-27,190,Продукты,Яйца,4,6912.45,27649.8
10,2025-10-29,196,Продукты,Молоко,5,1099.54,5497.7
11,2025-10-26,121,Одежда,Куртка,6,9428.71,56572.26
12,2025-10-11,173,Книги,Роман,5,7723.1,38615.5
13,2025-11-01,179,Спорт,Коврик,1,2856.42,2856.42
14,2025-10-29,160,Электроника,Ноутбук,10,7084.43,70844.3
15,2025-11-05,130,Спорт,Коврик,8,4941.86,39534.88
16,2025-10-26,124,Книги,Учебник,3,9340.11,28020.33
17,2025-10-22,169,Книги,Учебник,2,7917.74,15835.48
18,2025-10-13,162,Спорт,Мяч,2,6796.49,13592.98
19,2025-11-07,122,Одежда,Кроссовки,7,3011.13,21077.91
20,2025-10-17,120,Продукты,Фрукты,1,5117.69,5117.69
21,2025-11-04,117,Электроника,Наушники,8,8307.66,66461.28
22,2025-10-20,106,Одежда,Джинсы,2,1424.9,2849.8
23,2025-11-03,167,Продукты,Молоко,10,9160.13,91601.3
24,2025-10-31,161,Продукты,Яйца,4,5211.35,20845.4
25,2025-10-12,195,Продукты,Фрукты,6,7229.29,43375.74
26,2025-10-26,155,Спорт,Коврик,6,154.64,927.84
27,2025-10-21,193,Электроника,Планшет,1,5211.14,-5211.14
28,2025-10-30,127,Одежда,Футболка,3,3426.82,10280.46
29,2025-10-26,186,Одежда,Джинсы,8,576.0,4608.0
30,2025-11-07,167,Продукты,Молоко,7,189.68,1327.76
31,2025-10-16,121,Электроника,Телефон,5,4803.49,24017.45
32,2025-10-29,100,Одежда,Куртка,1,6838.04,6838.04
33,2025-10-18,131,Спорт,Коврик,4,9717.2,38868.8
34,2025-11-10,168,Продукты,Молоко,7,105.4,737.8
35,2025-10-13,119,Продукты,Фрукты,7,1032.57,7227.99
36,2025-11-08,112,Продукты,Фрукты,1,4818.04,4818.04
37,2025-10-13,129,Спорт,Мяч,9,4198.52,37786.68
38,2025-11-07,106,Одежда,Джинсы,6,4447.51,26685.06
39,2025-10-18,123,Книги,Энциклопедия,5,1229.34,6146.7
40,2025-10-16,110,Продукты,Фрукты,8,2044.23,16353.84
41,2025-10-23,102,Спорт,Скакалка,6,4758.04,-28548.24
42,2025-11-01,127,Спорт,Коврик,6,2908.0,17448.0
43,2025-10-23,157,Спорт,Гантели,9,2411.76,21705.84
44,2025-11-04,139,Продукты,Фрукты,3,6507.97,19523.91
45,2025-10-17,108,Продукты,Фрукты,2,9863.16,19726.32
46,2025-10-26,200,Книги,Энциклопедия,4,9710.32,38841.28
47,2025-11-03,196,Книги,Роман,4,2473.53,9894.12
48,2025-10-27,130,Электроника,Планшет,3,9298.2,27894.6
49,2025-10-16,169,Спорт,Гантели,10,8883.52,88835.2
50,2025-10-16,135,Книги,Энциклопедия,3,1568.01,4704.03
51,2025-11-04,145,Продукты,Хлеб,7,1089.34,7625.38
52,2025-11-10,120,Спорт,Скакалка,3,7208.44,21625.32
53,2025-10-14,159,Одежда,Куртка,8,7808.38,62467.04
54,2025-10-12,156,Одежда,Футболка,10,7073.54,70735.4
55,2025-11-04,179,Книги,Роман,10,4119.62,41196.2
56,2025-11-05,111,Электроника,Ноутбук,4,251.75,1007.0
57,2025-11-09,179,Электроника,Наушники,3,6525.43,19576.29
58,2025-10-20,153,Электроника,Телефон,5,360.24,1801.2
59,2025-10-24,140,Книги,Энциклопедия,2,7957.78,15915.56
60,2025-10-20,112,Книги,Учебник,5,6520.53,32602.65
61,2025-10-13,106,Книги,Учебник,5,8550.05,42750.25
62,2025-10-25,140,Одежда,Куртка,6,8012.22,48073.32
63,2025-10-11,143,Книги,Комикс,5,9468.4,47342.0
64,2025-11-05,178,Книги,Учебник,5,112.62,563.1
65,2025-10-23,128,Книги,Учебник,3,9128.44,27385.32
66,2025-10-15,115,Книги,Учебник,1,7730.17,7730.17
67,2025-10-14,141,Одежда,Кроссовки,1,5679.22,5679.22
68,2025-10-30,111,Продукты,Молоко,5,8959.51,44797.55
69,2025-11-01,155,Продукты,Фрукты,3,8781.56,26344.68
70,2025-10-28,166,Спорт,Коврик,2,9430.14,18860.28
71,2025-10-16,191,Книги,Учебник,8,2362.99,18903.92
72,2025-11-02,168,Одежда,Джинсы,8,8221.62,65772.96
73,2025-11-09,122,Спорт,Гантели,2,5146.7,10293.4
74,2025-11-06,135,Спорт,Скакалка,9,2801.1,25209.9
75,2025-10-31,105,Книги,Учебник,4,3399.75,13599.0
76,2025-10-29,158,Электроника,Планшет,3,5610.78,16832.34
77,2025-10-31,157,Спорт,Гантели,6,6925.02,41550.12
78,2025-10-26,145,Спорт,Гантели,8,4564.11,36512.88
79,2025-11-09,155,Спорт,Коврик,4,5881.79,23527.16
80,2025-10-31,178,Продукты,Молоко,1,7687.57,7687.57
81,2025-11-04,191,Электроника,Планшет,7,471.49,3300.43
82,2025-10-18,164,Спорт,Гантели,3,9290.72,27872.16
83,2025-11-02,116,Продукты,Яйца,2,5120.99,10241.98
84,2025-11-10,111,Одежда,Кроссовки,5,8850.29,-44251.45
85,2025-10-31,139,Продукты,Фрукты,7,1362.48,9537.36
86,2025-10-15,132,Спорт,Гантели,9,465.21,4186.89
87,2025-10-23,165,Продукты,Яйца,3,3515.16,10545.48
88,2025-10-24,135,Продукты,Хлеб,5,2842.08,14210.4
89,2025-11-10,183,Продукты,Фрукты,5,7550.59,37752.95
90,2025-10-31,102,Спорт,Мяч,2,3412.53,6825.06
91,2025-10-14,153,Спорт,Мяч,8,5829.07,46632.56
92,2025-10-27,108,Книги,Энциклопедия,5,4061.5,20307.5
93,2025-10-23,182,Спорт,Коврик,10,530.61,5306.1
94,2025-10-13,172,Книги,Роман,4,2293.78,9175.12
95,2025-11-09,145,Электроника,Наушники,3,509.59,1528.77
96,2025-10-19,167,Спорт,Гантели,1,2683.96,2683.96
97,2025-11-06,168,Электроника,Телефон,1,4670.27,4670.27
98,2025-10-31,158,Одежда,Джинсы,9,6739.77,60657.93
99,2025-10-29,154,Электроника,Телефон,5,4311.04,21555.2
100,2025-11-04,173,Спорт,Гантели,1,2598.84,2598.84
101,2025-11-06,196,Книги,Роман,7,3195.37,22367.59
102,2025-11-03,116,Книги,Учебник,9,7552.24,67970.16
103,2025-11-08,158,Книги,Комикс,5,5757.11,28785.55
104,2025-10-21,136,Книги,Энциклопедия,9,3108.56,27977.04
105,2025-10-17,166,Продукты,Хлеб,6,3860.02,23160.12
106,2025-11-03,152,Одежда,Футболка,9,7737.46,69637.14
107,2025-10-19,153,Продукты,Фрукты,9,9726.44,-87537.96
108,2025-11-10,195,Одежда,Джинсы,9,9388.35,84495.15
109,2025-11-01,188,Продукты,Фрукты,10,9773.65,97736.5
110,2025-10-20,101,Спорт,Коврик,2,3723.65,7447.3
111,2025-11-05,102,Одежда,Футболка,1,843.14,843.14
112,2025-11-07,196,Электроника,Ноутбук,6,9955.22,59731.32
113,2025-11-06,110,Одежда,Джинсы,2,4655.17,9310.34
114,2025-10-18,117,Продукты,Хлеб,1,4096.98,4096.98
115,2025-10-28,171,Электроника,Планшет,1,8443.36,8443.36
116,2025-10-17,160,Продукты,Фрукты,5,6002.66,30013.3
117,2025-10-13,106,Продукты,Яйца,9,1928.64,17357.76
118,2025-10-26,121,Одежда,Куртка,6,2322.9,13937.4
119,2025-10-30,153,Одежда,Куртка,3,3751.47,11254.41
120,2025-10-20,129,Электроника,Наушники,4,9569.5,38278.0
121,2025-10-24,114,Книги,Комикс,7,587.42,4111.94
122,2025-10-20,193,Одежда,Куртка,1,6156.71,6156.71
123,2025-10-14,174,Одежда,Футболка,9,2346.12,21115.08
124,2025-11-03,192,Одежда,Футболка,3,4422.27,13266.81
125,2025-10-11,168,Продукты,Яйца,10,9297.24,92972.4
126,2025-10-24,113,Электроника,Телефон,7,5785.77,40500.39
127,2025-11-10,109,Одежда,Куртка,4,1218.07,4872.28
128,2025-10-18,189,Спорт,Коврик,1,5015.5,5015.5
129,2025-11-07,174,Одежда,Футболка,8,1229.72,9837.76
130,2025-11-08,179,Продукты,Яйца,5,4171.12,20855.6
131,2025-11-07,175,Продукты,Фрукты,3,8807.23,26421.69
132,2025-10-27,154,Электроника,Ноутбук,10,3104.82,31048.2
133,2025-11-03,152,Продукты,Фрукты,1,5507.03,5507.03
134,2025-10-16,186,Одежда,Джинсы,8,8991.85,71934.8
135,2025-10-13,177,Спорт,Скакалка,3,2444.07,7332.21
136,2025-10-27,144,Электроника,Телефон,10,7501.6,75016.0
137,2025-11-07,108,Продукты,Хлеб,10,645.08,6450.8
138,2025-11-02,142,Одежда,Футболка,4,2791.89,11167.56
139,2025-11-03,190,Одежда,Джинсы,8,9691.02,77528.16
140,2025-11-05,187,Продукты,Фрукты,6,368.25,2209.5
141,2025-10-20,144,Книги,Комикс,2,8533.39,17066.78
142,2025-10-17,190,Электроника,Ноутбук,6,6528.97,39173.82
143,2025-10-31,173,Продукты,Яйца,4,8329.98,33319.92
144,2025-10-12,173,Электроника,Наушники,4,9537.67,38150.68
145,2025-10-12,186,Спорт,Мяч,9,3950.01,35550.09
146,2025-10-30,159,Продукты,Хлеб,10,5316.79,53167.9
147,2025-10-15,200,Продукты,Хлеб,1,8781.59,8781.59
148,2025-10-28,128,Спорт,Гантели,8,6874.06,54992.48
149,2025-10-14,188,Спорт,Скакалка,2,1473.69,2947.38
150,2025-10-17,115,Электроника,Телефон,5,8202.02,41010.1
151,2025-11-04,151,Спорт,Гантели,6,3433.48,20600.88
152,2025-11-03,189,Спорт,Скакалка,8,874.36,6994.88
153,2025-10-31,152,Продукты,Молоко,2,4163.52,8327.04
154,2025-10-13,102,Электроника,Планшет,5,8663.02,43315.1
155,2025-10-19,139,Электроника,Ноутбук,6,4549.8,27298.8
156,2025-10-30,150,Книги,Роман,10,7770.15,77701.5
157,2025-10-28,162,Электроника,Планшет,9,6488.61,58397.49
158,2025-11-01,187,Электроника,Ноутбук,6,9195.19,55171.14
159,2025-10-18,105,Одежда,Куртка,4,2780.4,11121.6
160,2025-11-01,111,Электроника,Телефон,6,6661.64,39969.84
161,2025-10-12,146,Одежда,Кроссовки,6,2307.7,13846.2
162,2025-10-20,134,Продукты,Хлеб,2,7797.67,-15595.34
163,2025-10-25,189,Книги,Энциклопедия,5,6158.2,30791.0
164,2025-11-06,122,Продукты,Молоко,6,5792.63,34755.78
165,2025-11-04,191,Одежда,Куртка,7,606.95,4248.65
166,2025-10-29,176,Книги,Роман,1,7494.74,7494.74
167,2025-10-25,128,Одежда,Футболка,8,4814.89,38519.12
168,2025-11-01,156,Спорт,Скакалка,4,3977.37,15909.48
169,2025-11-06,149,Электроника,Ноутбук,8,5102.86,40822.88
170,2025-10-26,156,Продукты,Яйца,4,5847.51,23390.04
171,2025-11-01,177,Спорт,Мяч,2,9572.45,19144.9
172,2025-11-09,172,Продукты,Фрукты,2,6578.27,13156.54
173,2025-10-11,177,Книги,Учебник,1,9065.64,9065.64
174,2025-10-12,108,Продукты,Фрукты,5,220.92,1104.6
175,2025-11-07,175,Одежда,Кроссовки,2,4055.7,8111.4
176,2025-10-26,179,Спорт,Гантели,10,6418.85,64188.5
177,2025-11-02,112,Книги,Учебник,4,9362.83,37451.32
178,2025-11-02,139,Спорт,Скакалка,5,4054.41,20272.05
179,2025-11-07,178,Спорт,Коврик,5,4110.55,-20552.75
180,2025-10-16,116,Электроника,Планшет,10,8642.66,86426.6
181,2025-10-25,126,Продукты,Хлеб,7,6045.57,42318.99
182,2025-10-15,145,Продукты,Молоко,1,2449.25,2449.25
183,2025-10-17,195,Спорт,Скакалка,3,1683.51,5050.53
184,2025-11-02,146,Электроника,Наушники,7,3662.69,25638.83
185,2025-10-16,198,Электроника,Наушники,9,7428.53,66856.77
186,2025-10-31,129,Книги,Учебник,3,7060.49,21181.47
187,2025-11-03,116,Электроника,Телефон,8,3902.13,31217.04
188,2025-11-04,110,Спорт,Мяч,3,1009.99,3029.97
189,2025-11-08,108,Электроника,Телефон,6,9376.43,56258.58
190,2025-11-10,128,Продукты,Фрукты,8,3831.82,30654.56
191,2025-11-08,118,Продукты,Молоко,6,1951.76,11710.56
192,2025-10-19,147,Продукты,Молоко,7,834.27,5839.89
193,2025-10-30,135,Книги,Комикс,10,4299.6,42996.0
194,2025-11-06,136,Спорт,Мяч,9,7850.17,-70651.53
195,2025-11-09,129,Электроника,Планшет,2,4532.29,9064.58
196,2025-11-04,194,Спорт,Коврик,5,5985.2,29926.0
197,2025-10-21,192,Книги,Энциклопедия,9,9422.41,84801.69
198,2025-10-20,189,Книги,Комикс,6,5613.18,33679.08
199,2025-10-28,135,Книги,Энциклопедия,3,2293.15,6879.45
200,2025-10-28,176,Спорт,Гантели,4,2706.12,10824.48
201,2025-11-02,132,Книги,Энциклопедия,8,3228.6,25828.8
202,2025-11-09,197,Электроника,Ноутбук,6,112.92,677.52
203,2025-11-07,173,Продукты,Хлеб,5,2061.2,10306.0
204,2025-10-16,112,Одежда,Футболка,1,4435.13,4435.13
205,2025-10-19,173,Спорт,Мяч,9,3807.18,34264.62
206,2025-11-08,187,Книги,Комикс,3,3459.8,10379.4
207,2025-10-21,161,Продукты,Яйца,10,1927.38,19273.8
208,2025-10-13,180,Одежда,Джинсы,8,5270.0,42160.0
209,2025-10-11,149,Электроника,Ноутбук,7,1529.04,10703.28
210,2025-10-19,149,Электроника,Ноутбук,2,9497.09,18994.18
211,2025-10-13,158,Книги,Роман,1,2184.15,2184.15
212,2025-11-03,167,Продукты,Яйца,1,5889.98,5889.98
213,2025-10-29,137,Электроника,Ноутбук,9,4310.76,38796.84
214,2025-10-19,177,Продукты,Яйца,5,9334.68,46673.4
215,2025-11-06,182,Спорт,Коврик,10,6758.62,67586.2
216,2025-10-11,200,Одежда,Кроссовки,1,5741.28,5741.28
217,2025-11-04,142,Книги,Учебник,8,4442.24,35537.92
218,2025-11-10,186,Спорт,Мяч,2,6891.57,13783.14
219,2025-10-17,152,Книги,Учебник,1,1641.47,1641.47
220,2025-11-08,178,Одежда,Куртка,3,7992.94,23978.82
221,2025-10-21,144,Электроника,Ноутбук,9,5738.51,51646.59
222,2025-11-10,137,Электроника,Наушники,1,1709.68,1709.68
223,2025-10-31,159,Электроника,Телефон,7,1018.22,7127.54
224,2025-11-07,120,Книги,Комикс,10,2208.64,22086.4
225,2025-10-29,199,Спорт,Гантели,10,6325.06,63250.6
226,2025-10-24,104,Продукты,Фрукты,3,8529.11,-25587.33
227,2025-10-30,173,Спорт,Мяч,6,4780.46,28682.76
228,2025-10-24,128,Книги,Учебник,5,822.6,4113.0
229,2025-11-05,137,Продукты,Хлеб,10,1465.32,14653.2
230,2025-11-02,118,Одежда,Кроссовки,9,4181.54,37633.86
231,2025-10-31,177,Книги,Энциклопедия,2,5126.23,10252.46
232,2025-11-08,131,Продукты,Хлеб,8,281.41,2251.28
233,2025-10-29,116,Электроника,Телефон,4,3219.6,12878.4
234,2025-11-07,106,Продукты,Молоко,9,8376.36,75387.24
235,2025-10-17,199,Продукты,Фрукты,10,5703.22,57032.2
236,2025-10-27,191,Одежда,Футболка,4,7942.61,31770.44
237,2025-11-01,105,Электроника,Телефон,4,3051.44,12205.76
238,2025-11-07,175,Книги,Учебник,1,1954.01,-1954.01
239,2025-10-22,189,Электроника,Ноутбук,1,9116.68,9116.68
240,2025-10-20,194,Книги,Роман,6,3298.27,19789.62
241,2025-11-10,147,Электроника,Телефон,7,1753.19,12272.33
242,2025-10-26,103,Книги,Роман,5,8158.78,40793.9
243,2025-10-19,180,Одежда,Джинсы,10,5867.28,58672.8
244,2025-10-30,186,Одежда,Джинсы,4,7542.8,30171.2
245,2025-10-20,154,Спорт,Гантели,7,5134.95,35944.65
246,2025-10-24,158,Одежда,Куртка,6,9593.48,57560.88
247,2025-11-10,171,Спорт,Гантели,3,5828.91,17486.73
248,2025-11-02,131,Спорт,Мяч,4,8126.26,32505.04
249,2025-10-29,127,Книги,Учебник,3,7517.1,22551.3
250,2025-11-10,113,Электроника,Планшет,4,7605.66,30422.64
251,2025-10-28,195,Электроника,Ноутбук,6,5900.25,-35401.5
252,2025-10-21,189,Книги,Энциклопедия,7,3964.82,27753.74
253,2025-10-20,104,Книги,Энциклопедия,10,6642.35,66423.5
254,2025-10-11,170,Электроника,Наушники,6,2715.47,16292.82
255,2025-11-03,102,Спорт,Скакалка,10,7899.52,78995.2
256,2025-10-31,192,Одежда,Куртка,5,1892.64,9463.2
257,2025-10-21,161,Одежда,Футболка,2,6970.52,13941.04
258,2025-11-06,132,Электроника,Наушники,3,3033.75,9101.25
259,2025-10-29,193,Книги,Энциклопедия,10,4299.18,42991.8
260,2025-10-22,185,Электроника,Наушники,10,6615.81,66158.1
261,2025-10-23,110,Книги,Комикс,7,7002.51,49017.57
262,2025-10-19,112,Продукты,Фрукты,2,9683.92,19367.84
263,2025-10-17,115,Электроника,Телефон,7,5310.67,37174.69
264,2025-11-02,176,Книги,Роман,5,1373.89,6869.45
265,2025-10-12,200,Одежда,Куртка,7,1457.37,10201.59
266,2025-10-21,175,Книги,Роман,7,6431.66,45021.62
267,2025-11-08,138,Продукты,Хлеб,2,2463.15,4926.3
268,2025-10-27,100,Продукты,Молоко,8,3458.21,27665.68
269,2025-10-28,148,Спорт,Мяч,3,4411.96,13235.88
270,2025-11-08,104,Электроника,Телефон,8,9270.13,74161.04
271,2025-10-25,167,Одежда,Кроссовки,5,7144.31,35721.55
272,2025-10-17,167,Спорт,Мяч,6,6528.79,39172.74
273,2025-10-24,187,Спорт,Скакалка,4,2956.85,11827.4
274,2025-10-17,127,Одежда,Кроссовки,2,6181.0,12362.0
275,2025-11-04,106,Книги,Комикс,2,3366.25,6732.5
276,2025-10-27,109,Книги,Учебник,5,6350.29,31751.45
277,2025-11-02,116,Спорт,Мяч,9,7299.08,65691.72
278,2025-10-30,124,Книги,Комикс,3,996.25,2988.75
279,2025-10-23,188,Одежда,Футболка,1,9784.49,9784.49
280,2025-11-06,176,Одежда,Куртка,1,465.08,465.08
281,2025-11-02,138,Одежда,Джинсы,5,900.76,4503.8
282,2025-11-02,123,Продукты,Молоко,4,929.96,3719.84
283,2025-11-09,132,Электроника,Ноутбук,7,4349.22,30444.54
284,2025-10-21,117,Продукты,Хлеб,10,8291.84,82918.4
285,2025-10-13,112,Книги,Энциклопедия,10,9492.72,94927.2
286,2025-10-17,187,Книги,Энциклопедия,4,6180.56,24722.24
287,2025-10-25,119,Продукты,Молоко,3,4221.94,12665.82
288,2025-10-27,108,Спорт,Коврик,6,982.81,5896.86
289,2025-11-05,177,Продукты,Хлеб,1,360.43,360.43
290,2025-11-01,141,Продукты,Молоко,4,290.22,1160.88
291,2025-11-01,164,Спорт,Мяч,2,3511.95,7023.9
292,2025-11-10,197,Электроника,Ноутбук,10,3515.58,35155.8
293,2025-11-10,149,Одежда,Куртка,7,7787.74,54514.18
294,2025-11-02,172,Электроника,Наушники,1,3471.13,3471.13
295,2025-10-24,153,Электроника,Наушники,6,8980.25,53881.5
296,2025-10-17,100,Спорт,Мяч,10,820.83,8208.3
297,2025-10-16,127,Продукты,Хлеб,5,3438.79,17193.95
298,2025-11-01,180,Книги,Роман,2,676.4,1352.8
299,2025-10-16,126,Продукты,Яйца,9,5330.17,47971.53
300,2025-10-23,161,Электроника,Наушники,9,8866.47,79798.23
301,2025-10-18,108,Продукты,Фрукты,1,8111.61,8111.61
302,2025-10-21,113,Электроника,Ноутбук,4,8146.09,32584.36
303,2025-11-02,156,Книги,Учебник,5,3320.62,-16603.1
304,2025-10-27,163,Книги,Роман,4,7859.81,31439.24
305,2025-10-29,139,Спорт,Скакалка,5,6281.51,31407.55
306,2025-11-09,193,Спорт,Гантели,8,6039.27,48314.16
307,2025-10-15,189,Одежда,Кроссовки,6,7743.07,46458.42
308,2025-11-06,168,Книги,Учебник,1,5150.3,5150.3
309,2025-11-07,113,Продукты,Фрукты,1,473.75,473.75
310,2025-10-11,140,Одежда,Кроссовки,3,9219.78,27659.34
311,2025-10-17,163,Электроника,Планшет,2,7691.11,15382.22
312,2025-11-01,156,Электроника,Наушники,8,5261.72,42093.76
313,2025-10-21,171,Электроника,Планшет,6,1647.34,9884.04
314,2025-11-10,130,Книги,Учебник,10,549.29,-5492.9
315,2025-11-05,151,Электроника,Телефон,4,9863.36,39453.44
316,2025-10-29,183,Электроника,Ноутбук,8,2700.11,21600.88
317,2025-10-20,102,Одежда,Кроссовки,9,2704.47,24340.23
318,2025-10-24,199,Книги,Энциклопедия,4,303.74,1214.96
319,2025-10-12,149,Книги,Учебник,3,5231.04,-15693.12
320,2025-11-02,172,Электроника,Планшет,2,2299.92,4599.84
321,2025-10-28,185,Продукты,Молоко,9,4448.84,40039.56
322,2025-10-18,171,Одежда,Куртка,1,3015.1,3015.1
323,2025-10-30,119,Электроника,Планшет,2,6920.05,13840.1
324,2025-10-26,114,Электроника,Наушники,6,6697.29,40183.74
325,2025-10-22,200,Спорт,Скакалка,2,7834.36,15668.72
326,2025-10-15,130,Электроника,Телефон,9,4736.34,42627.06
327,2025-10-11,178,Одежда,Кроссовки,8,1160.15,9281.2
328,2025-10-21,161,Книги,Энциклопедия,4,445.4,1781.6
329,2025-11-02,165,Одежда,Джинсы,5,3356.93,16784.65
330,2025-10-11,174,Книги,Роман,9,267.48,2407.32
331,2025-11-05,178,Продукты,Молоко,4,2140.77,8563.08
332,2025-10-14,177,Спорт,Гантели,1,8111.22,8111.22
333,2025-10-11,169,Продукты,Фрукты,6,9234.66,55407.96
334,2025-11-08,197,Книги,Комикс,9,9585.69,86271.21
335,2025-11-05,126,Книги,Учебник,6,4458.57,26751.42
336,2025-10-12,152,Книги,Учебник,4,6966.38,27865.52
337,2025-11-02,167,Книги,Энциклопедия,8,3005.45,24043.6
338,2025-11-02,155,Одежда,Футболка,2,5800.5,11601.0
339,2025-11-03,101,Электроника,Планшет,1,8271.57,8271.57
340,2025-11-05,195,Электроника,Телефон,5,1156.11,5780.55
341,2025-10-26,169,Книги,Роман,3,4313.93,12941.79
342,2025-11-03,182,Продукты,Яйца,5,8995.5,44977.5
343,2025-10-25,173,Спорт,Гантели,1,5076.11,5076.11
344,2025-10-18,166,Спорт,Гантели,7,8998.76,62991.32
345,2025-10-31,138,Книги,Учебник,1,4033.44,4033.44
346,2025-10-17,131,Продукты,Яйца,2,2991.45,5982.9
347,2025-10-30,186,Одежда,Куртка,8,7450.87,59606.96
348,2025-10-27,186,Одежда,Футболка,5,1614.49,8072.45
349,2025-10-19,126,Продукты,Хлеб,7,758.13,5306.91
350,2025-10-17,112,Книги,Энциклопедия,7,258.67,1810.69
351,2025-10-22,179,Продукты,Фрукты,7,8477.42,59341.94
352,2025-10-25,163,Продукты,Молоко,10,2247.46,22474.6
353,2025-10-23,171,Одежда,Куртка,5,2554.1,12770.5
354,2025-10-28,104,Одежда,Кроссовки,1,691.11,691.11
355,2025-11-04,185,Книги,Роман,9,4802.04,43218.36
356,2025-11-04,185,Продукты,Яйца,1,9901.64,-9901.64
357,2025-10-24,155,Электроника,Телефон,7,9641.66,-67491.62
358,2025-11-03,130,Книги,Учебник,8,5112.26,40898.08
359,2025-11-08,125,Электроника,Наушники,4,9251.99,37007.96
360,2025-11-05,153,Спорт,Гантели,4,9088.05,36352.2
361,2025-10-26,121,Спорт,Гантели,2,1968.31,3936.62
362,2025-11-09,121,Электроника,Ноутбук,10,5870.53,58705.3
363,2025-11-08,115,Электроника,Планшет,4,4375.15,17500.6
364,2025-11-08,115,Книги,Комикс,10,5589.66,55896.6
365,2025-10-19,177,Электроника,Планшет,10,1058.3,10583.0
366,2025-11-10,121,Одежда,Джинсы,4,3705.52,14822.08
367,2025-10-31,153,Электроника,Ноутбук,2,8826.35,17652.7
368,2025-10-11,103,Спорт,Скакалка,6,4070.95,24425.7
369,2025-10-13,183,Одежда,Футболка,6,8136.03,48816.18
370,2025-10-25,180,Книги,Роман,5,6547.14,32735.7
371,2025-11-09,174,Одежда,Джинсы,3,3848.75,11546.25
372,2025-11-06,103,Спорт,Мяч,8,8901.32,71210.56
373,2025-10-15,165,Продукты,Хлеб,7,2628.73,18401.11
374,2025-11-07,121,Продукты,Молоко,10,5994.88,59948.8
375,2025-10-12,141,Одежда,Куртка,4,2279.87,9119.48
376,2025-10-28,183,Одежда,Куртка,10,5349.26,53492.6
377,2025-10-30,176,Книги,Энциклопедия,10,7491.41,74914.1
378,2025-10-29,193,Одежда,Куртка,4,753.25,3013.0
379,2025-11-07,195,Электроника,Ноутбук,2,3555.48,7110.96
380,2025-11-10,118,Одежда,Футболка,2,4232.41,8464.82
381,2025-10-23,187,Книги,Комикс,7,5447.61,38133.27
382,2025-11-07,136,Книги,Комикс,2,1839.14,3678.28
383,2025-10-27,187,Спорт,Мяч,6,6960.11,41760.66
384,2025-11-09,114,Продукты,Фрукты,9,7124.19,64117.71
385,2025-10-30,197,Книги,Комикс,5,285.89,1429.45
386,2025-11-04,158,Продукты,Хлеб,6,9513.31,57079.86
387,2025-11-08,109,Книги,Комикс,2,9554.69,19109.38
388,2025-11-01,197,Продукты,Хлеб,4,7624.17,30496.68
389,2025-10-22,113,Книги,Роман,1,750.41,750.41
390,2025-10-24,183,Одежда,Футболка,6,8927.45,53564.7
391,2025-10-13,169,Спорт,Гантели,8,5282.8,42262.4
392,2025-11-02,187,Спорт,Коврик,8,3054.91,24439.28
393,2025-10-23,155,Спорт,Коврик,1,3083.8,3083.8
394,2025-11-10,195,Книги,Комикс,4,1411.58,5646.32
395,2025-10-31,113,Электроника,Телефон,4,574.4,2297.6
396,2025-10-15,156,Книги,Энциклопедия,1,2927.2,2927.2
397,2025-11-03,111,Продукты,Яйца,2,4107.53,8215.06
398,2025-11-06,191,Одежда,Куртка,6,7906.75,47440.5
399,2025-10-13,172,Одежда,Кроссовки,5,4617.47,23087.35
400,2025-11-07,188,Книги,Роман,3,8767.93,26303.79
401,2025-11-01,112,Книги,Комикс,3,9358.02,28074.06
402,2025-10-20,104,Продукты,Хлеб,5,3547.57,17737.85
403,2025-10-21,116,Одежда,Джинсы,6,6835.6,41013.6
404,2025-10-24,108,Одежда,Футболка,1,9195.57,9195.57
405,2025-10-24,139,Продукты,Фрукты,8,7515.69,60125.52
406,2025-11-05,174,Одежда,Футболка,2,5958.92,11917.84
407,2025-11-08,173,Одежда,Джинсы,10,2941.6,29416.0
408,2025-11-04,122,Одежда,Футболка,4,8143.25,32573.0
409,2025-10-27,152,Электроника,Телефон,3,9606.57,28819.71
410,2025-10-25,173,Спорт,Гантели,4,3348.01,13392.04
411,2025-10-24,196,Книги,Энциклопедия,10,3338.29,33382.9
412,2025-10-14,131,Книги,Учебник,3,788.37,2365.11
413,2025-10-13,101,Книги,Учебник,8,4227.59,33820.72
414,2025-10-29,118,Одежда,Кроссовки,8,845.59,6764.72
415,2025-11-04,115,Спорт,Коврик,5,1579.23,7896.15
416,2025-10-27,172,Электроника,Ноутбук,8,3100.43,24803.44
417,2025-11-06,132,Одежда,Куртка,3,4897.07,14691.21
418,2025-11-08,152,Продукты,Фрукты,6,8897.94,53387.64
419,2025-11-04,135,Книги,Роман,10,1047.97,10479.7
420,2025-11-05,134,Продукты,Яйца,6,7443.23,44659.38
421,2025-11-03,105,Одежда,Джинсы,1,1169.61,1169.61
422,2025-10-14,116,Продукты,Фрукты,1,4740.44,4740.44
423,2025-10-26,144,Спорт,Скакалка,7,5387.46,37712.22
424,2025-10-27,110,Электроника,Ноутбук,8,4928.82,39430.56
425,2025-10-24,150,Электроника,Наушники,1,6189.72,6189.72
426,2025-11-01,126,Электроника,Наушники,5,4767.31,23836.55
427,2025-10-23,151,Спорт,Гантели,9,3820.32,-34382.88
428,2025-11-07,111,Спорт,Скакалка,7,8927.01,62489.07
429,2025-10-18,132,Спорт,Гантели,8,8839.09,70712.72
430,2025-10-11,144,Электроника,Наушники,9,444.98,4004.82
431,2025-11-02,109,Одежда,Куртка,9,9424.7,84822.3
432,2025-10-23,176,Продукты,Хлеб,10,8197.95,81979.5
433,2025-11-02,190,Одежда,Футболка,7,826.97,5788.79
434,2025-10-18,188,Книги,Учебник,8,6295.19,50361.52
435,2025-10-26,198,Спорт,Коврик,1,3537.55,3537.55
436,2025-10-16,106,Книги,Комикс,8,9481.09,75848.72
437,2025-10-24,194,Спорт,Скакалка,5,1234.99,6174.95
438,2025-10-21,195,Электроника,Телефон,7,3441.15,-24088.05
439,2025-11-07,157,Спорт,Гантели,8,9936.78,79494.24
440,2025-10-27,104,Электроника,Ноутбук,10,3792.63,37926.3
441,2025-10-17,134,Продукты,Хлеб,6,3434.25,20605.5
442,2025-10-29,121,Электроника,Наушники,2,3007.7,6015.4
443,2025-10-29,120,Электроника,Наушники,7,9534.82,66743.74
444,2025-11-03,104,Одежда,Куртка,2,8169.56,16339.12
445,2025-11-03,134,Книги,Учебник,5,8151.03,40755.15
446,2025-10-31,106,Продукты,Яйца,8,5219.52,41756.16
447,2025-10-22,124,Книги,Энциклопедия,8,6127.76,49022.08
448,2025-10-12,175,Электроника,Ноутбук,1,7117.7,7117.7
449,2025-10-30,190,Спорт,Скакалка,8,9298.94,74391.52
450,2025-10-29,174,Электроника,Наушники,6,6671.45,40028.7
451,2025-11-02,161,Спорт,Гантели,4,332.17,1328.68
452,2025-11-02,161,Продукты,Фрукты,1,2674.46,2674.46
453,2025-11-09,172,Книги,Роман,9,3393.95,30545.55
454,2025-10-22,157,Продукты,Яйца,4,7433.0,29732.0
455,2025-11-01,180,Спорт,Гантели,7,8487.53,59412.71
456,2025-11-10,136,Электроника,Планшет,5,2733.01,13665.05
457,2025-11-06,154,Продукты,Молоко,3,4544.41,13633.23
458,2025-10-27,164,Электроника,Ноутбук,4,5063.22,20252.88
459,2025-10-25,195,Книги,Роман,3,7630.98,22892.94
460,2025-11-03,125,Продукты,Фрукты,3,271.52,814.56
461,2025-11-04,161,Одежда,Кроссовки,3,4671.43,14014.29
462,2025-11-10,119,Электроника,Планшет,4,5912.42,23649.68
463,2025-10-13,180,Электроника,Наушники,2,2486.75,4973.5
464,2025-10-12,126,Электроника,Планшет,5,1800.84,9004.2
465,2025-11-05,174,Спорт,Гантели,4,7262.09,29048.36
466,2025-11-09,170,Одежда,Кроссовки,2,9450.81,18901.62
467,2025-10-28,150,Продукты,Хлеб,9,1892.92,17036.28
468,2025-10-28,122,Электроника,Телефон,2,2137.6,4275.2
469,2025-10-31,101,Одежда,Куртка,6,9575.76,57454.56
470,2025-10-16,124,Спорт,Гантели,6,5279.49,31676.94
471,2025-10-16,197,Электроника,Планшет,9,1909.2,17182.8
472,2025-11-07,117,Спорт,Скакалка,2,1241.78,2483.56
473,2025-11-01,160,Спорт,Мяч,7,1641.99,11493.93
474,2025-10-17,156,Электроника,Наушники,2,2930.93,5861.86
475,2025-11-01,178,Книги,Комикс,7,9937.51,69562.57
476,2025-10-20,193,Книги,Энциклопедия,8,9065.67,72525.36
477,2025-11-10,128,Электроника,Наушники,9,2101.07,-18909.63
478,2025-10-11,192,Книги,Учебник,9,1878.7,16908.3
479,2025-10-23,188,Одежда,Кроссовки,1,6347.62,6347.62
480,2025-10-13,186,Продукты,Молоко,8,9103.26,-72826.08
481,2025-10-26,182,Электроника,Ноутбук,4,9342.22,37368.88
482,2025-10-14,156,Книги,Комикс,7,592.78,4149.46
483,2025-10-13,101,Книги,Комикс,10,1833.15,18331.5
484,2025-11-03,135,Книги,Комикс,1,486.87,486.87
485,2025-10-25,169,Одежда,Джинсы,2,7264.69,14529.38
486,2025-10-25,145,Спорт,Скакалка,7,9305.07,65135.49
487,2025-11-09,194,Одежда,Кроссовки,10,5932.99,59329.9
488,2025-11-01,152,Книги,Роман,10,7935.97,79359.7
489,2025-11-05,191,Продукты,Яйца,9,7487.27,67385.43
490,2025-11-04,138,Одежда,Куртка,1,2348.1,2348.1
491,2025-10-13,121,Книги,Роман,9,1136.02,10224.18
492,2025-10-22,141,Электроника,Планшет,3,1358.87,4076.61
493,2025-10-31,107,Электроника,Наушники,8,1386.32,11090.56
494,2025-10-21,173,Книги,Роман,1,4086.1,4086.1
495,2025-10-27,158,Продукты,Молоко,6,7898.71,47392.26
496,2025-10-26,116,Электроника,Планшет,7,363.8,2546.6
497,2025-11-08,177,Книги,Роман,9,2847.52,25627.68
498,2025-10-29,182,Электроника,Ноутбук,3,2601.56,7804.68
499,2025-10-12,160,Книги,Энциклопедия,9,6580.57,59225.13
500,2025-10-22,189,Продукты,Яйца,2,3714.17,7428.34
501,2025-10-18,182,Книги,Роман,10,6506.96,65069.6
502,2025-11-02,162,Спорт,Коврик,2,9963.05,19926.1
503,2025-11-01,107,Одежда,Джинсы,2,5540.91,11081.82
504,2025-10-29,125,Одежда,Куртка,3,7501.76,22505.28
505,2025-10-28,110,Одежда,Джинсы,3,8002.7,24008.1
506,2025-10-13,186,Спорт,Скакалка,9,9010.69,81096.21
507,2025-11-01,163,Одежда,Джинсы,10,518.99,5189.9
508,2025-10-26,165,Электроника,Планшет,1,9481.98,-9481.98
509,2025-10-18,182,Книги,Комикс,10,138.62,1386.2
510,2025-11-03,125,Электроника,Ноутбук,5,9640.39,48201.95
511,2025-10-11,181,Продукты,Молоко,8,3032.06,24256.48
512,2025-10-13,114,Продукты,Молоко,7,7632.63,53428.41
513,2025-10-28,139,Продукты,Яйца,10,7846.78,78467.8
514,2025-10-17,154,Спорт,Скакалка,4,5241.21,20964.84
515,2025-10-19,154,Продукты,Яйца,10,4165.09,41650.9
516,2025-11-08,107,Одежда,Джинсы,3,6812.74,20438.22
517,2025-10-24,152,Продукты,Хлеб,10,5447.91,54479.1
518,2025-10-17,147,Одежда,Кроссовки,4,5873.99,23495.96
519,2025-10-25,109,Одежда,Джинсы,1,949.45,949.45
520,2025-10-24,155,Одежда,Кроссовки,8,2985.79,23886.32
521,2025-11-03,161,Книги,Комикс,1,5866.95,5866.95
522,2025-11-03,143,Продукты,Фрукты,7,560.2,3921.4
523,2025-11-09,166,Электроника,Телефон,5,8684.88,43424.4
524,2025-10-18,127,Спорт,Скакалка,3,3018.5,9055.5
525,2025-10-14,130,Книги,Учебник,8,7068.61,56548.88
526,2025-11-02,159,Электроника,Планшет,1,9302.52,9302.52
527,2025-10-25,120,Одежда,Джинсы,6,4253.96,25523.76
528,2025-10-17,182,Электроника,Наушники,7,1881.65,13171.55
529,2025-11-08,187,Продукты,Хлеб,8,6964.12,55712.96
530,2025-10-17,145,Продукты,Яйца,4,1010.0,4040.0
531,2025-10-13,152,Электроника,Телефон,3,3880.62,11641.86
532,2025-10-17,167,Электроника,Ноутбук,8,3665.91,29327.28
533,2025-10-30,183,Электроника,Телефон,8,4524.38,36195.04
534,2025-10-21,195,Книги,Роман,2,7806.03,15612.06
535,2025-10-19,159,Спорт,Мяч,8,6225.66,49805.28
536,2025-10-17,184,Одежда,Футболка,2,7744.91,15489.82
537,2025-10-26,171,Книги,Энциклопедия,10,7761.98,77619.8
538,2025-10-21,159,Одежда,Джинсы,5,5524.39,27621.95
539,2025-10-21,113,Продукты,Молоко,8,1353.81,10830.48
540,2025-10-23,190,Одежда,Джинсы,7,102.12,714.84
541,2025-11-01,199,Одежда,Футболка,9,9839.9,88559.1
542,2025-10-14,196,Книги,Роман,8,4856.04,38848.32
543,2025-10-28,168,Одежда,Футболка,8,3210.0,25680.0
544,2025-11-10,148,Одежда,Кроссовки,10,1325.87,13258.7
545,2025-10-22,187,Электроника,Планшет,4,7052.75,28211.0
546,2025-10-21,145,Книги,Комикс,2,7714.98,15429.96
547,2025-10-26,138,Одежда,Джинсы,6,2761.13,16566.78
548,2025-10-22,153,Электроника,Наушники,8,7773.95,62191.6
549,2025-10-30,169,Книги,Энциклопедия,10,2828.59,28285.9
550,2025-10-13,112,Одежда,Куртка,2,1645.04,3290.08
551,2025-10-21,191,Спорт,Коврик,9,2411.13,21700.17
552,2025-10-11,187,Одежда,Футболка,3,8006.18,24018.54
553,2025-10-20,179,Спорт,Коврик,6,2630.72,15784.32
554,2025-10-20,156,Электроника,Наушники,6,5219.7,31318.2
555,2025-10-11,105,Книги,Комикс,3,2864.41,8593.23
556,2025-11-08,166,Электроника,Телефон,8,4618.44,36947.52
557,2025-10-27,102,Электроника,Телефон,9,8727.19,78544.71
558,2025-11-07,132,Книги,Учебник,10,5781.79,57817.9
559,2025-11-03,110,Книги,Роман,1,786.54,786.54
560,2025-11-07,140,Книги,Учебник,6,8569.17,51415.02
561,2025-10-12,122,Одежда,Футболка,10,4152.81,-41528.1
562,2025-10-11,128,Книги,Учебник,2,4816.53,9633.06
563,2025-10-31,193,Одежда,Футболка,2,8341.23,16682.46
564,2025-11-02,141,Продукты,Молоко,6,5413.62,32481.72
565,2025-11-01,133,Электроника,Наушники,6,7286.86,43721.16
566,2025-10-30,101,Спорт,Мяч,7,9885.77,69200.39
567,2025-10-20,164,Спорт,Мяч,8,7334.2,58673.6
568,2025-10-22,114,Спорт,Коврик,2,8187.68,16375.36
569,2025-11-04,147,Книги,Энциклопедия,8,7029.85,56238.8
570,2025-10-21,104,Спорт,Коврик,1,3530.97,3530.97
571,2025-10-30,170,Спорт,Мяч,7,3763.39,26343.73
572,2025-10-30,162,Спорт,Мяч,3,2547.87,7643.61
573,2025-10-11,115,Электроника,Наушники,4,6875.02,27500.08
574,2025-10-14,185,Продукты,Фрукты,1,6670.53,6670.53
575,2025-10-20,187,Книги,Энциклопедия,1,252.31,252.31
576,2025-10-21,198,Спорт,Скакалка,5,5560.12,27800.6
577,2025-10-16,119,Одежда,Джинсы,8,7575.39,60603.12
578,2025-10-22,170,Спорт,Коврик,1,2782.28,2782.28
579,2025-10-31,128,Спорт,Мяч,1,8084.73,8084.73
580,2025-11-10,189,Спорт,Коврик,7,7359.04,51513.28
581,2025-11-06,181,Продукты,Фрукты,10,6562.76,65627.6
582,2025-10-28,147,Продукты,Фрукты,2,6467.83,12935.66
583,2025-11-03,119,Книги,Энциклопедия,1,7735.17,7735.17
584,2025-10-30,174,Электроника,Планшет,6,3119.86,18719.16
585,2025-10-26,136,Электроника,Наушники,2,3409.86,6819.72
586,2025-10-14,175,Электроника,Наушники,9,1798.99,16190.91
587,2025-10-26,169,Книги,Комикс,5,785.99,3929.95
588,2025-10-27,128,Продукты,Молоко,2,6571.98,-13143.96
589,2025-10-30,190,Продукты,Хлеб,9,6570.14,59131.26
590,2025-10-17,198,Спорт,Мяч,6,8973.64,53841.84
591,2025-11-06,120,Спорт,Коврик,10,420.37,4203.7
592,2025-11-06,144,Электроника,Планшет,9,1403.51,12631.59
593,2025-10-12,115,Спорт,Гантели,4,6389.08,25556.32
594,2025-11-02,135,Книги,Энциклопедия,6,7837.07,47022.42
595,2025-10-16,160,Электроника,Наушники,7,4593.24,32152.68
596,2025-10-21,116,Книги,Энциклопедия,10,1703.58,17035.8
597,2025-10-13,176,Спорт,Коврик,8,3564.42,28515.36
598,2025-11-10,190,Спорт,Мяч,1,9547.36,9547.36
599,2025-10-13,180,Спорт,Скакалка,3,9168.35,27505.05
600,2025-10-30,100,Книги,Учебник,10,2658.52,26585.2
601,2025-11-02,160,Книги,Комикс,7,8910.95,62376.65
602,2025-10-28,167,Одежда,Футболка,5,1399.28,6996.4
603,2025-11-03,150,Спорт,Мяч,3,3666.02,10998.06
604,2025-11-03,148,Книги,Энциклопедия,2,1667.05,3334.1
605,2025-10-23,162,Продукты,Молоко,7,9603.2,67222.4
606,2025-11-09,175,Книги,Учебник,9,7092.52,63832.68
607,2025-11-05,155,Спорт,Мяч,8,2097.59,16780.72
608,2025-10-21,124,Электроника,Ноутбук,6,2367.08,14202.48
609,2025-10-15,195,Книги,Комикс,3,8861.21,26583.63
610,2025-10-20,110,Спорт,Мяч,1,2333.92,2333.92
611,2025-11-03,151,Книги,Роман,3,4587.58,13762.74
612,2025-11-10,106,Спорт,Мяч,1,2687.65,2687.65
613,2025-11-01,122,Книги,Роман,5,855.94,4279.7
614,2025-10-18,147,Электроника,Планшет,1,2797.44,2797.44
615,2025-10-18,169,Электроника,Наушники,1,5280.81,5280.81
616,2025-10-18,183,Одежда,Кроссовки,4,1555.01,6220.04
617,2025-10-12,196,Спорт,Мяч,9,8191.78,73726.02
618,2025-11-05,115,Одежда,Кроссовки,9,8186.13,-73675.17
619,2025-11-06,168,Одежда,Джинсы,2,7147.64,14295.28
620,2025-10-27,128,Продукты,Фрукты,5,6482.12,32410.6
621,2025-11-08,197,Электроника,Телефон,7,1913.25,13392.75
622,2025-10-15,109,Продукты,Яйца,4,2625.44,10501.76
623,2025-11-09,133,Электроника,Ноутбук,10,1934.83,19348.3
624,2025-10-22,156,Продукты,Молоко,5,5624.17,-28120.85
625,2025-10-25,193,Одежда,Кроссовки,4,9605.15,38420.6
626,2025-11-04,176,Книги,Комикс,8,347.18,2777.44
627,2025-11-03,125,Продукты,Хлеб,10,5376.76,53767.6
628,2025-10-24,190,Электроника,Телефон,5,216.26,1081.3
629,2025-10-27,181,Спорт,Скакалка,8,5768.79,46150.32
630,2025-10-30,142,Электроника,Телефон,8,7529.26,60234.08
631,2025-10-25,101,Электроника,Планшет,5,6628.17,33140.85
632,2025-10-27,133,Книги,Энциклопедия,1,6674.65,6674.65
633,2025-11-04,107,Книги,Учебник,10,6704.56,67045.6
634,2025-10-30,148,Книги,Роман,1,9414.93,9414.93
635,2025-10-19,183,Одежда,Кроссовки,6,361.88,-2171.28
636,2025-11-08,122,Электроника,Ноутбук,9,7465.73,67191.57
637,2025-10-11,117,Одежда,Куртка,6,2777.2,16663.2
638,2025-10-13,118,Книги,Учебник,7,9212.12,64484.84
639,2025-10-25,110,Спорт,Мяч,2,8923.52,17847.04
640,2025-10-22,178,Книги,Роман,2,4304.98,8609.96
641,2025-10-24,173,Электроника,Телефон,3,9314.23,27942.69
642,2025-11-06,135,Электроника,Телефон,9,3051.76,27465.84
643,2025-10-23,169,Книги,Комикс,6,6977.55,41865.3
644,2025-10-24,129,Одежда,Джинсы,4,761.26,3045.04
645,2025-11-02,108,Электроника,Телефон,7,3577.43,25042.01
646,2025-10-20,160,Одежда,Куртка,2,9632.84,19265.68
647,2025-10-25,190,Продукты,Хлеб,4,9121.7,36486.8
648,2025-10-29,112,Продукты,Яйца,6,8507.46,51044.76
649,2025-11-04,131,Спорт,Гантели,4,4683.4,18733.6
650,2025-10-25,184,Одежда,Джинсы,9,7913.39,71220.51
651,2025-11-06,132,Электроника,Планшет,5,906.86,4534.3
652,2025-10-16,182,Продукты,Фрукты,10,1311.33,13113.3
653,2025-10-14,160,Одежда,Кроссовки,7,878.79,6151.53
654,2025-11-07,163,Продукты,Хлеб,3,6308.86,18926.58
655,2025-10-27,138,Спорт,Мяч,6,6499.34,38996.04
656,2025-11-09,186,Продукты,Яйца,3,2949.69,8849.07
657,2025-10-23,172,Продукты,Яйца,5,4561.93,22809.65
658,2025-11-02,143,Продукты,Яйца,8,2616.69,20933.52
659,2025-11-08,177,Продукты,Фрукты,2,8009.58,16019.16
660,2025-11-03,151,Электроника,Наушники,7,3045.44,21318.08
661,2025-10-30,159,Книги,Комикс,7,105.98,741.86
662,2025-10-23,166,Спорт,Гантели,1,118.19,118.19
663,2025-11-08,130,Книги,Роман,10,8873.25,88732.5
664,2025-10-24,126,Продукты,Молоко,8,6524.26,52194.08
665,2025-10-23,119,Спорт,Мяч,3,4069.84,-12209.52
666,2025-10-21,132,Одежда,Кроссовки,6,3650.12,21900.72
667,2025-10-17,184,Книги,Учебник,1,2206.15,2206.15
668,2025-11-08,100,Спорт,Скакалка,4,2545.59,10182.36
669,2025-10-11,166,Книги,Энциклопедия,7,7196.19,50373.33
670,2025-10-22,184,Одежда,Кроссовки,1,4468.81,4468.81
671,2025-10-14,161,Одежда,Куртка,6,7834.32,47005.92
672,2025-10-24,150,Продукты,Молоко,3,2769.46,8308.38
673,2025-10-16,102,Одежда,Джинсы,8,4476.85,35814.8
674,2025-10-18,171,Одежда,Куртка,6,1886.43,11318.58
675,2025-11-02,155,Одежда,Футболка,8,2210.2,17681.6
676,2025-10-25,111,Электроника,Телефон,10,2328.45,23284.5
677,2025-10-11,170,Книги,Учебник,4,6050.46,24201.84
678,2025-11-07,145,Одежда,Кроссовки,9,2801.25,25211.25
679,2025-11-05,185,Книги,Энциклопедия,2,1737.14,3474.28
680,2025-10-27,114,Продукты,Фрукты,9,6798.35,61185.15
681,2025-10-27,180,Книги,Комикс,6,112.54,675.24
682,2025-11-01,106,Одежда,Куртка,4,5125.93,20503.72
683,2025-11-05,128,Одежда,Джинсы,9,7497.98,67481.82
684,2025-10-16,185,Продукты,Яйца,7,2282.37,15976.59
685,2025-11-01,114,Продукты,Молоко,6,3974.65,23847.9
686,2025-11-03,196,Продукты,Молоко,6,6007.58,36045.48
687,2025-10-26,103,Продукты,Фрукты,8,1854.99,14839.92
688,2025-10-11,188,Электроника,Телефон,5,3756.83,18784.15
689,2025-11-04,138,Книги,Учебник,4,7667.22,30668.88
690,2025-11-01,187,Одежда,Футболка,1,9292.36,9292.36
691,2025-11-09,200,Продукты,Яйца,8,7244.12,57952.96
692,2025-10-16,179,Электроника,Наушники,10,8573.82,85738.2
693,2025-11-03,133,Книги,Учебник,10,584.84,5848.4
694,2025-11-05,184,Книги,Учебник,1,3109.62,3109.62
695,2025-10-11,181,Спорт,Коврик,2,3297.76,6595.52
696,2025-10-23,172,Книги,Роман,7,1069.74,7488.18
697,2025-11-09,166,Одежда,Джинсы,10,4285.46,42854.6
698,2025-10-13,155,Продукты,Яйца,3,5289.98,15869.94
699,2025-11-02,121,Продукты,Хлеб,9,6722.98,60506.82
700,2025-11-08,133,Спорт,Коврик,4,1470.59,5882.36
701,2025-10-24,126,Электроника,Телефон,9,8870.79,79837.11
702,2025-10-24,109,Книги,Роман,4,5321.03,-21284.12
703,2025-11-08,117,Продукты,Хлеб,1,8317.32,8317.32
704,2025-11-05,104,Продукты,Яйца,4,4723.41,18893.64
705,2025-10-26,101,Спорт,Мяч,9,8160.32,73442.88
706,2025-10-30,189,Спорт,Гантели,4,7163.54,28654.16
707,2025-11-06,163,Электроника,Ноутбук,2,9809.76,19619.52
708,2025-10-19,163,Спорт,Гантели,8,9320.55,74564.4
709,2025-11-06,101,Спорт,Коврик,10,4407.03,44070.3
710,2025-10-14,141,Электроника,Телефон,5,1134.36,5671.8
711,2025-10-21,149,Книги,Роман,7,2378.4,16648.8
712,2025-11-01,162,Одежда,Футболка,2,8045.36,16090.72
713,2025-10-11,166,Книги,Энциклопедия,3,3964.98,11894.94
714,2025-10-18,185,Электроника,Наушники,8,2410.98,19287.84
715,2025-10-22,184,Электроника,Планшет,2,6572.99,13145.98
716,2025-11-01,177,Продукты,Молоко,10,6863.69,68636.9
717,2025-11-06,159,Одежда,Джинсы,10,125.79,1257.9
718,2025-11-09,166,Электроника,Планшет,5,3067.44,15337.2
719,2025-10-12,156,Продукты,Хлеб,1,2200.26,2200.26
720,2025-11-08,181,Электроника,Телефон,4,9568.31,-38273.24
721,2025-10-15,152,Спорт,Скакалка,1,5594.8,5594.8
722,2025-10-14,111,Электроника,Планшет,7,2993.59,20955.13
723,2025-10-21,112,Продукты,Фрукты,5,412.63,2063.15
724,2025-10-15,178,Одежда,Футболка,1,4497.1,4497.1
725,2025-11-09,155,Одежда,Футболка,8,9812.85,78502.8
726,2025-10-22,162,Продукты,Хлеб,10,2413.68,24136.8
727,2025-10-28,100,Спорт,Мяч,6,4107.23,24643.38
728,2025-10-27,101,Электроника,Телефон,6,2908.82,17452.92
729,2025-10-14,136,Продукты,Яйца,6,886.18,-5317.08
730,2025-11-02,110,Продукты,Хлеб,7,4222.65,29558.55
731,2025-10-14,163,Спорт,Гантели,10,2154.45,21544.5
732,2025-10-11,103,Электроника,Телефон,5,4493.03,22465.15
733,2025-11-06,139,Спорт,Коврик,10,5494.02,54940.2
734,2025-10-25,197,Книги,Роман,10,4449.31,44493.1
735,2025-10-21,167,Одежда,Футболка,6,9026.73,54160.38
736,2025-10-13,158,Электроника,Телефон,10,7740.07,77400.7
737,2025-10-17,162,Спорт,Коврик,8,2837.85,22702.8
738,2025-11-02,133,Одежда,Джинсы,1,596.05,596.05
739,2025-11-02,130,Книги,Роман,9,4231.62,38084.58
740,2025-10-29,194,Книги,Роман,7,8144.84,57013.88
741,2025-10-15,189,Одежда,Джинсы,1,1621.34,1621.34
742,2025-10-16,104,Книги,Энциклопедия,8,1971.45,15771.6
743,2025-11-01,180,Книги,Комикс,10,5163.57,51635.7
744,2025-10-30,150,Продукты,Фрукты,8,7008.27,56066.16
745,2025-11-10,172,Электроника,Телефон,9,4425.25,39827.25
746,2025-10-16,117,Электроника,Наушники,10,6004.0,60040.0
747,2025-10-21,135,Книги,Комикс,5,7639.53,38197.65
748,2025-10-13,100,Продукты,Фрукты,5,2418.98,12094.9
749,2025-10-13,155,Одежда,Джинсы,8,5623.2,44985.6
750,2025-11-05,179,Книги,Энциклопедия,9,5318.4,47865.6
751,2025-10-26,153,Продукты,Яйца,4,7353.15,29412.6
752,2025-10-16,146,Одежда,Куртка,10,8460.66,84606.6
753,2025-10-27,128,Электроника,Телефон,7,6700.38,46902.66
754,2025-10-28,118,Продукты,Хлеб,1,4006.6,4006.6
755,2025-10-16,143,Одежда,Кроссовки,9,7957.56,71618.04
756,2025-10-24,188,Одежда,Кроссовки,10,8278.58,82785.8
757,2025-11-04,176,Одежда,Кроссовки,8,2140.04,-17120.32
758,2025-10-14,153,Электроника,Телефон,4,6480.36,25921.44
759,2025-11-08,173,Спорт,Мяч,8,488.66,3909.28
760,2025-10-25,167,Одежда,Джинсы,9,6055.21,54496.89
761,2025-11-09,150,Продукты,Яйца,5,1735.92,8679.6
762,2025-10-15,107,Спорт,Скакалка,4,994.88,3979.52
763,2025-10-14,193,Одежда,Куртка,1,9219.78,9219.78
764,2025-10-31,142,Электроника,Планшет,9,1264.83,11383.47
765,2025-10-28,164,Продукты,Молоко,7,9547.6,66833.2
766,2025-10-16,190,Книги,Учебник,9,3510.58,31595.22
767,2025-10-16,166,Спорт,Коврик,6,3523.26,21139.56
768,2025-11-10,178,Продукты,Хлеб,10,8069.96,80699.6
769,2025-11-02,107,Спорт,Гантели,9,8786.94,-79082.46
770,2025-11-02,181,Книги,Энциклопедия,2,890.57,1781.14
771,2025-10-24,121,Одежда,Кроссовки,6,971.87,5831.22
772,2025-10-29,111,Одежда,Футболка,4,9742.81,38971.24
773,2025-10-12,164,Одежда,Джинсы,7,6825.2,47776.4
774,2025-10-26,199,Одежда,Кроссовки,5,6912.34,34561.7
775,2025-11-10,181,Книги,Учебник,1,5234.62,5234.62
776,2025-10-27,146,Спорт,Скакалка,4,9511.95,38047.8
777,2025-11-08,103,Спорт,Скакалка,4,2116.55,8466.2
778,2025-11-10,158,Электроника,Планшет,2,8626.28,17252.56
779,2025-10-18,117,Одежда,Кроссовки,10,4730.42,47304.2
780,2025-11-01,183,Одежда,Кроссовки,6,6887.31,-41323.86
781,2025-10-27,110,Электроника,Планшет,6,2786.43,16718.58
782,2025-10-24,150,Продукты,Молоко,9,2406.17,21655.53
783,2025-10-17,172,Книги,Учебник,8,1037.54,8300.32
784,2025-11-01,177,Продукты,Хлеб,5,3142.6,15713.0
785,2025-10-28,100,Электроника,Наушники,7,1621.62,11351.34
786,2025-10-31,155,Электроника,Наушники,3,9925.11,29775.33
787,2025-10-24,135,Продукты,Фрукты,2,3264.24,6528.48
788,2025-10-16,147,Книги,Комикс,10,5781.37,57813.7
789,2025-10-13,106,Спорт,Гантели,4,1622.79,6491.16
790,2025-10-12,135,Продукты,Хлеб,9,6696.65,60269.85
791,2025-10-24,109,Книги,Комикс,6,9466.02,56796.12
792,2025-11-05,135,Одежда,Куртка,10,3663.52,36635.2
793,2025-10-15,118,Спорт,Скакалка,3,6311.65,18934.95
794,2025-10-21,135,Книги,Комикс,4,4463.88,17855.52
795,2025-10-14,122,Книги,Комикс,8,3372.73,26981.84
796,2025-11-08,130,Одежда,Джинсы,9,8162.24,-73460.16
797,2025-10-31,109,Книги,Энциклопедия,1,881.57,881.57
798,2025-10-14,168,Книги,Комикс,8,5831.08,46648.64
799,2025-10-28,125,Электроника,Телефон,8,1261.41,10091.28
800,2025-10-24,121,Продукты,Яйца,2,8647.11,17294.22
801,2025-11-07,157,Книги,Энциклопедия,4,6980.91,27923.64
802,2025-11-10,135,Продукты,Фрукты,1,7163.69,7163.69
803,2025-10-25,152,Книги,Учебник,3,7091.24,21273.72
804,2025-11-05,134,Продукты,Яйца,4,3745.48,14981.92
805,2025-10-19,173,Продукты,Молоко,6,3099.3,-18595.8
806,2025-10-18,199,Продукты,Хлеб,4,3570.14,14280.56
807,2025-10-26,148,Спорт,Коврик,4,8089.62,32358.48
808,2025-10-28,163,Электроника,Ноутбук,1,2932.69,2932.69
809,2025-10-26,170,Книги,Роман,4,2379.2,9516.8
810,2025-11-10,175,Одежда,Джинсы,10,6779.62,67796.2
811,2025-11-09,156,Продукты,Фрукты,3,3085.76,9257.28
812,2025-11-03,146,Продукты,Молоко,3,2696.6,-8089.8
813,2025-11-09,185,Электроника,Телефон,5,7022.18,35110.9
814,2025-11-03,197,Электроника,Ноутбук,7,8051.5,56360.5
815,2025-10-13,112,Продукты,Фрукты,7,272.24,1905.68
816,2025-10-22,120,Книги,Комикс,5,6878.5,34392.5
817,2025-10-14,172,Спорт,Гантели,6,374.86,2249.16
818,2025-10-16,189,Электроника,Телефон,8,266.01,2128.08
819,2025-10-12,104,Электроника,Ноутбук,10,7884.6,78846.0
820,2025-10-31,113,Книги,Комикс,10,5083.27,50832.7
821,2025-10-30,101,Электроника,Наушники,2,3802.46,7604.92
822,2025-11-10,100,Продукты,Яйца,4,3022.63,12090.52
823,2025-11-10,146,Книги,Энциклопедия,1,1658.11,1658.11
824,2025-10-30,146,Одежда,Джинсы,5,7883.99,39419.95
825,2025-11-04,106,Продукты,Фрукты,7,4896.4,34274.8
826,2025-10-30,104,Книги,Комикс,3,6649.58,19948.74
827,2025-10-25,123,Одежда,Кроссовки,8,9498.34,75986.72
828,2025-10-23,137,Электроника,Планшет,7,4483.62,31385.34
829,2025-10-29,149,Продукты,Фрукты,9,2240.22,20161.98
830,2025-10-27,115,Книги,Учебник,10,9517.25,95172.5
831,2025-10-18,181,Продукты,Фрукты,5,6864.17,34320.85
832,2025-11-03,185,Одежда,Джинсы,2,5284.61,10569.22
833,2025-10-18,112,Спорт,Скакалка,7,5409.33,37865.31
834,2025-10-21,194,Спорт,Мяч,1,8283.87,8283.87
835,2025-10-14,115,Одежда,Куртка,10,2767.68,27676.8
836,2025-10-31,103,Книги,Роман,5,2597.36,12986.8
837,2025-10-24,138,Спорт,Коврик,3,8093.78,24281.34
838,2025-10-17,156,Одежда,Куртка,2,3076.78,6153.56
839,2025-10-31,189,Продукты,Фрукты,8,9535.59,76284.72
840,2025-10-25,110,Спорт,Мяч,3,3269.81,9809.43
841,2025-10-31,174,Одежда,Футболка,6,8486.87,50921.22
842,2025-10-13,118,Спорт,Коврик,9,196.66,-1769.94
843,2025-10-20,125,Электроника,Планшет,6,7671.33,46027.98
844,2025-10-27,143,Одежда,Куртка,4,7311.38,29245.52
845,2025-10-28,138,Продукты,Яйца,7,7316.34,51214.38
846,2025-10-25,150,Электроника,Планшет,9,1433.98,12905.82
847,2025-11-06,172,Спорт,Мяч,5,5210.74,26053.7
848,2025-10-26,195,Спорт,Гантели,9,2942.56,26483.04
849,2025-11-03,110,Электроника,Планшет,8,6595.97,52767.76
850,2025-11-04,191,Спорт,Скакалка,2,6800.4,13600.8
851,2025-10-30,148,Электроника,Планшет,10,4546.56,45465.6
852,2025-10-26,150,Одежда,Куртка,7,1657.52,11602.64
853,2025-10-29,162,Электроника,Ноутбук,4,4581.39,18325.56
854,2025-11-02,157,Книги,Комикс,5,7398.39,36991.95
855,2025-11-02,128,Книги,Роман,10,9560.01,95600.1
856,2025-10-18,181,Электроника,Наушники,1,581.65,581.65
857,2025-10-12,159,Электроника,Планшет,1,4406.44,4406.44
858,2025-10-26,112,Электроника,Наушники,1,4790.71,4790.71
859,2025-10-31,144,Электроника,Планшет,5,2995.72,14978.6
860,2025-10-21,125,Продукты,Хлеб,4,2308.46,9233.84
861,2025-11-02,153,Книги,Энциклопедия,10,4548.45,45484.5
862,2025-10-15,190,Книги,Комикс,3,6436.92,19310.76
863,2025-10-18,120,Электроника,Телефон,4,6208.99,24835.96
864,2025-10-23,149,Спорт,Коврик,10,3629.86,36298.6
865,2025-10-30,159,Книги,Энциклопедия,9,6260.08,56340.72
866,2025-10-21,140,Электроника,Наушники,6,454.59,2727.54
867,2025-10-15,150,Продукты,Молоко,4,7436.88,29747.52
868,2025-10-27,170,Одежда,Футболка,10,607.76,6077.6
869,2025-10-15,187,Одежда,Джинсы,7,350.6,2454.2
870,2025-11-08,152,Одежда,Джинсы,1,5730.95,5730.95
871,2025-10-12,123,Книги,Комикс,9,458.51,4126.59
872,2025-10-25,191,Продукты,Хлеб,10,9472.06,94720.6
873,2025-11-06,186,Одежда,Футболка,5,201.78,1008.9
874,2025-11-09,121,Электроника,Планшет,1,9861.12,9861.12
875,2025-10-14,146,Спорт,Мяч,4,3849.97,15399.88
876,2025-11-04,170,Одежда,Кроссовки,10,1445.95,14459.5
877,2025-11-07,131,Одежда,Кроссовки,3,375.01,-1125.03
878,2025-10-12,142,Электроника,Планшет,8,9297.39,74379.12
879,2025-10-21,148,Электроника,Ноутбук,9,8153.58,-73382.22
880,2025-10-11,132,Спорт,Мяч,2,6373.28,12746.56
881,2025-11-09,115,Спорт,Коврик,4,3190.25,12761.0
882,2025-10-26,178,Одежда,Кроссовки,8,6287.94,50303.52
883,2025-11-07,116,Спорт,Гантели,7,2588.23,18117.61
884,2025-10-16,139,Спорт,Мяч,5,1724.88,8624.4
885,2025-11-09,144,Одежда,Куртка,6,6150.62,36903.72
886,2025-10-11,125,Одежда,Куртка,1,2827.61,2827.61
887,2025-10-27,138,Электроника,Телефон,6,8303.09,49818.54
888,2025-10-29,142,Книги,Роман,3,2028.37,6085.11
889,2025-11-04,196,Книги,Роман,9,3428.21,30853.89
890,2025-10-29,175,Книги,Роман,2,4096.92,8193.84
891,2025-11-06,119,Книги,Комикс,4,5484.94,21939.76
892,2025-10-13,165,Одежда,Футболка,7,184.14,1288.98
893,2025-10-19,103,Продукты,Фрукты,9,349.83,3148.47
894,2025-10-16,158,Книги,Комикс,7,5593.72,39156.04
895,2025-10-22,181,Продукты,Яйца,3,9960.75,29882.25
896,2025-11-10,172,Электроника,Наушники,7,1041.0,7287.0
897,2025-10-12,115,Одежда,Куртка,7,7231.56,-50620.92
898,2025-10-16,156,Спорт,Коврик,6,2392.79,14356.74
899,2025-11-09,117,Книги,Учебник,5,3416.7,17083.5
900,2025-10-12,173,Продукты,Хлеб,6,3243.9,19463.4
901,2025-10-31,149,Спорт,Мяч,7,2551.01,17857.07
902,2025-11-06,109,Книги,Учебник,5,1705.97,8529.85
903,2025-11-08,171,Книги,Учебник,10,6430.62,64306.2
904,2025-10-20,147,Книги,Комикс,2,7112.61,14225.22
905,2025-10-28,173,Одежда,Футболка,9,6793.0,61137.0
906,2025-10-14,113,Продукты,Молоко,9,4151.9,37367.1
907,2025-10-23,124,Электроника,Ноутбук,8,4411.29,35290.32
908,2025-11-07,105,Электроника,Ноутбук,8,6338.83,50710.64
909,2025-11-05,131,Спорт,Скакалка,9,8412.84,75715.56
910,2025-11-08,123,Электроника,Планшет,2,5926.54,11853.08
911,2025-10-15,145,Продукты,Молоко,3,1255.02,3765.06
912,2025-10-18,173,Электроника,Наушники,7,6931.51,48520.57
913,2025-10-31,199,Одежда,Куртка,8,1581.62,12652.96
914,2025-10-15,178,Продукты,Молоко,4,9747.96,38991.84
915,2025-11-05,150,Книги,Учебник,2,5325.66,10651.32
916,2025-10-23,140,Книги,Роман,1,5113.24,5113.24
917,2025-10-12,100,Одежда,Кроссовки,3,235.19,705.57
918,2025-10-16,131,Продукты,Хлеб,10,2487.15,24871.5
919,2025-10-25,150,Электроника,Наушники,1,2529.02,2529.02
920,2025-10-22,136,Электроника,Ноутбук,7,4123.7,28865.9
921,2025-10-31,137,Одежда,Куртка,2,9475.79,18951.58
922,2025-10-13,175,Продукты,Яйца,10,8845.18,88451.8
923,2025-10-23,171,Одежда,Кроссовки,4,2913.11,11652.44
924,2025-10-18,144,Продукты,Молоко,6,5360.54,32163.24
925,2025-11-04,178,Продукты,Хлеб,1,3312.57,3312.57
926,2025-10-25,190,Продукты,Хлеб,10,3057.48,30574.8
927,2025-11-03,139,Спорт,Скакалка,10,1926.71,19267.1
928,2025-10-14,111,Продукты,Фрукты,3,8556.72,25670.16
929,2025-11-09,103,Одежда,Куртка,4,4189.54,16758.16
930,2025-10-14,146,Продукты,Яйца,3,9025.89,27077.67
931,2025-11-08,110,Продукты,Фрукты,10,6915.41,69154.1
932,2025-10-17,118,Одежда,Куртка,10,6026.75,60267.5
933,2025-11-01,161,Продукты,Яйца,9,1746.17,15715.53
934,2025-10-17,155,Одежда,Джинсы,9,8487.18,76384.62
935,2025-10-25,103,Книги,Комикс,4,7857.6,31430.4
936,2025-10-26,140,Спорт,Мяч,7,6088.99,42622.93
937,2025-10-19,103,Одежда,Джинсы,10,5963.32,59633.2
938,2025-10-18,109,Электроника,Наушники,7,5587.96,39115.72
939,2025-11-09,140,Продукты,Фрукты,7,7282.37,50976.59
940,2025-11-07,173,Электроника,Планшет,4,9027.5,36110.0
941,2025-10-25,163,Одежда,Куртка,6,2039.96,12239.76
942,2025-10-30,141,Одежда,Футболка,5,8294.14,41470.7
943,2025-11-04,183,Продукты,Яйца,3,183.83,551.49
944,2025-10-23,198,Продукты,Молоко,1,2532.92,-2532.92
945,2025-10-20,118,Книги,Энциклопедия,6,1013.07,6078.42
946,2025-11-07,123,Электроника,Наушники,9,6037.98,54341.82
947,2025-10-29,169,Электроника,Наушники,9,1807.83,16270.47
948,2025-11-06,145,Электроника,Телефон,5,4506.7,22533.5
949,2025-10-20,105,Продукты,Фрукты,10,1176.9,11769.0
950,2025-10-11,120,Одежда,Куртка,4,3910.7,15642.8
951,2025-11-03,148,Продукты,Хлеб,1,512.67,512.67
952,2025-11-06,182,Продукты,Фрукты,4,7598.07,30392.28
953,2025-10-21,129,Спорт,Скакалка,6,9448.82,56692.92
954,2025-11-04,193,Электроника,Планшет,9,8205.26,73847.34
955,2025-10-21,124,Спорт,Мяч,5,9775.74,48878.7
956,2025-10-24,143,Книги,Учебник,9,222.52,-2002.68
957,2025-10-22,162,Продукты,Яйца,3,2761.74,8285.22
958,2025-11-07,116,Одежда,Куртка,7,6820.32,47742.24
959,2025-11-04,112,Электроника,Планшет,3,4245.85,12737.55
960,2025-10-13,105,Одежда,Джинсы,9,5931.31,53381.79
961,2025-10-13,126,Продукты,Яйца,4,1491.45,-5965.8
962,2025-10-25,148,Продукты,Фрукты,1,2556.97,2556.97
963,2025-10-11,104,Спорт,Коврик,10,6755.28,67552.8
964,2025-10-11,109,Книги,Энциклопедия,6,108.5,651.0
965,2025-10-16,122,Продукты,Хлеб,1,5746.15,5746.15
966,2025-10-31,187,Спорт,Скакалка,5,388.74,1943.7
967,2025-10-26,134,Электроника,Наушники,2,8979.89,17959.78
968,2025-10-25,135,Книги,Комикс,2,3860.26,7720.52
969,2025-11-07,122,Электроника,Телефон,7,7667.06,53669.42
970,2025-11-08,109,Продукты,Хлеб,3,2107.13,6321.39
971,2025-10-23,127,Спорт,Скакалка,9,7755.44,69798.96
972,2025-10-14,115,Продукты,Хлеб,1,5234.28,5234.28
973,2025-10-18,102,Спорт,Скакалка,8,1629.99,13039.92
974,2025-11-03,147,Электроника,Телефон,1,8778.13,8778.13
975,2025-10-23,167,Книги,Энциклопедия,3,2477.22,7431.66
976,2025-10-23,155,Книги,Энциклопедия,10,267.48,2674.8
977,2025-11-09,156,Электроника,Планшет,1,3145.46,3145.46
978,2025-10-19,126,Книги,Комикс,1,4167.76,4167.76
979,2025-10-15,145,Книги,Роман,6,2974.44,17846.64
980,2025-10-22,104,Спорт,Гантели,1,9165.64,9165.64
981,2025-10-22,166,Книги,Учебник,5,5047.21,25236.05
982,2025-10-13,152,Электроника,Планшет,3,7735.65,23206.95
983,2025-10-21,159,Одежда,Кроссовки,5,4859.67,24298.35
984,2025-10-29,170,Спорт,Гантели,1,5080.71,5080.71
985,2025-11-06,118,Электроника,Наушники,1,1326.8,1326.8
986,2025-10-18,107,Продукты,Хлеб,2,5126.21,10252.42
987,2025-10-27,148,Электроника,Телефон,10,8427.36,84273.6
988,2025-10-16,160,Одежда,Кроссовки,9,6077.84,54700.56
989,2025-10-27,145,Продукты,Яйца,2,8052.84,16105.68
990,2025-11-09,108,Электроника,Планшет,3,1374.56,4123.68
991,2025-10-30,196,Электроника,Ноутбук,8,6605.3,-52842.4
992,2025-11-01,170,Книги,Комикс,10,4111.38,41113.8
993,2025-10-20,170,Электроника,Планшет,10,8972.14,89721.4
994,2025-10-22,102,Одежда,Джинсы,1,8709.93,8709.93
995,2025-10-16,141,Книги,Комикс,1,9236.87,9236.87
996,2025-11-04,198,Одежда,Футболка,8,1187.56,-9500.48
997,2025-11-06,141,Электроника,Планшет,7,7564.12,52948.84
998,2025-10-17,194,Одежда,Футболка,10,2432.56,24325.6
999,2025-10-18,180,Книги,Роман,7,3225.05,-22575.35
1000,2025-10-25,104,Продукты,Яйца,2,3447.35,6894.7
